date,swe_mm,tair_c,ppt_mm
2012-10-01,0,16.9,0
2012-10-02,0,12.3,0
2012-10-03,0,4.7,0
2012-10-04,0,5.5,0
2012-10-05,0,5.9,0
2012-10-06,0,6.6,0
2012-10-07,0,8.4,0
2012-10-08,0,10.2,0
2012-10-09,0,9.9,0
2012-10-10,0,11.1,0
2012-10-11,0,10.4,0
2012-10-12,0,7.6,7.6
2012-10-13,0,8.1,2.5
2012-10-14,0,9.6,10.2
2012-10-15,0,10,71.1
2012-10-16,0,4.7,7.6
2012-10-17,0,4.6,0
2012-10-18,0,11,2.5
2012-10-19,0,7.2,17.8
2012-10-20,0,1,15.2
2012-10-21,10.2,0.4,10.2
2012-10-22,12.7,-0.2,17.8
2012-10-23,27.9,-0.5,5.1
2012-10-24,30.5,0,5.1
2012-10-25,38.1,1.2,0
2012-10-26,33,3.1,7.6
2012-10-27,25.4,5.7,25.4
2012-10-28,7.6,9.2,27.9
2012-10-29,0,8.3,33
2012-10-30,0,8.8,0
2012-10-31,0,6.7,7.6
2012-11-01,0,4.3,15.2
2012-11-02,0,5.2,7.6
2012-11-03,0,7.6,2.5
2012-11-04,0,9.5,0
2012-11-05,0,11,0
2012-11-06,0,11.2,0
2012-11-07,0,1.4,0
2012-11-08,2.5,-0.4,7.6
2012-11-09,10.2,-2.2,10.2
2012-11-10,17.8,-2.9,0
2012-11-11,17.8,-0.4,7.6
2012-11-12,20.3,2,17.8
2012-11-13,33,3.2,2.5
2012-11-14,22.9,3.3,0
2012-11-15,20.3,1.5,0
2012-11-16,20.3,5.4,0
2012-11-17,12.7,2.4,12.7
2012-11-18,17.8,0.9,20.3
2012-11-19,35.6,4.9,55.9
2012-11-20,20.3,1.6,55.9
2012-11-21,68.6,-0.9,20.3
2012-11-22,96.5,-0.9,5.1
2012-11-23,91.4,4.9,15.2
2012-11-24,94,3.1,20.3
2012-11-25,81.3,-1.3,0
2012-11-26,78.7,-1.2,0
2012-11-27,78.7,-0.6,0
2012-11-28,78.7,2.8,2.5
2012-11-29,81.3,3.4,33
2012-11-30,88.9,3.5,17.8
2012-12-01,86.4,1.3,33
2012-12-02,119.4,0.3,25.4
2012-12-03,160,1.4,27.9
2012-12-04,170.2,5.6,86.4
2012-12-05,147.3,-0.1,5.1
2012-12-06,149.9,-1.4,2.5
2012-12-07,152.4,-0.5,7.6
2012-12-08,167.6,-2.1,5.1
2012-12-09,172.7,0.2,7.6
2012-12-10,180.3,2.7,0
2012-12-11,175.3,0.9,5.1
2012-12-12,185.4,-2.9,2.5
2012-12-13,188,-3.8,0
2012-12-14,188,-3.1,5.1
2012-12-15,193,-3.1,17.8
2012-12-16,210.8,-0.8,38.1
2012-12-17,248.9,-3.5,35.6
2012-12-18,284.5,-5.5,10.2
2012-12-19,294.6,-2.1,10.2
2012-12-20,304.8,-1.1,20.3
2012-12-21,325.1,-0.9,15.2
2012-12-22,340.4,-1.4,15.2
2012-12-23,355.6,-2.5,20.3
2012-12-24,381,-3.3,10.2
2012-12-25,391.2,-1.5,22.9
2012-12-26,408.9,-0.8,10.2
2012-12-27,419.1,-3.2,0
2012-12-28,421.6,-5.3,0
2012-12-29,419.1,-4.3,0
2012-12-30,419.1,-6.5,0
2012-12-31,419.1,-5.1,0
2013-01-01,416.6,-6.6,0
2013-01-02,411.5,-9.7,0
2013-01-03,408.9,-5.8,5.1
2013-01-04,406.4,1.2,0
2013-01-05,406.4,-2.2,0
2013-01-06,406.4,0.2,2.5
2013-01-07,408.9,1.8,5.1
2013-01-08,411.5,2.5,10.2
2013-01-09,416.6,-0.5,5.1
2013-01-10,439.4,-4.8,0
2013-01-11,447,-8,0
2013-01-12,447,-8.9,0
2013-01-13,444.5,-9.8,0
2013-01-14,442,-4.6,7.6
2013-01-15,444.5,3.2,0
2013-01-16,434.3,6,0
2013-01-17,431.8,5.7,0
2013-01-18,426.7,6.2,0
2013-01-19,429.3,6.2,0
2013-01-20,431.8,3.4,0
2013-01-21,434.3,4.5,0
2013-01-22,431.8,4.4,0
2013-01-23,431.8,1.4,7.6
2013-01-24,436.9,2.4,5.1
2013-01-25,452.1,2.9,17.8
2013-01-26,447,-1.9,5.1
2013-01-27,459.7,-2.9,10.2
2013-01-28,472.4,-2,12.7
2013-01-29,467.4,-0.7,15.2
2013-01-30,477.5,0.5,12.7
2013-01-31,487.7,1.3,0
2013-02-01,487.7,2,0
2013-02-02,487.7,2.5,0
2013-02-03,487.7,4,0
2013-02-04,485.1,4.8,2.5
2013-02-05,482.6,0.7,5.1
2013-02-06,495.3,0.1,2.5
2013-02-07,502.9,-3,5.1
2013-02-08,508,-4.3,0
2013-02-09,510.5,-2.3,0
2013-02-10,508,-0.7,0
2013-02-11,508,-1.2,2.5
2013-02-12,508,0.7,0
2013-02-13,510.5,1.1,5.1
2013-02-14,515.6,2.4,0
2013-02-15,510.5,4.3,0
2013-02-16,513.1,1.5,0
2013-02-17,508,-2.6,0
2013-02-18,518.2,-1.9,0
2013-02-19,518.2,-2.3,0
2013-02-20,515.6,-2.5,2.5
2013-02-21,510.5,-2.6,5.1
2013-02-22,520.7,-1.5,15.2
2013-02-23,546.1,-3.8,7.6
2013-02-24,543.6,-1.7,2.5
2013-02-25,546.1,-2.3,10.2
2013-02-26,556.3,-1.3,2.5
2013-02-27,558.8,0.6,0
2013-02-28,556.3,3.4,20.3
2013-03-01,546.1,5.2,0
2013-03-02,538.5,4.5,0
2013-03-03,535.9,-1.7,0
2013-03-04,541,-0.8,0
2013-03-05,548.6,-0.2,2.5
2013-03-06,546.1,-1.3,15.2
2013-03-07,563.9,-0.4,0
2013-03-08,563.9,-0.3,0
2013-03-09,561.3,0.7,0
2013-03-10,558.8,2.7,10.2
2013-03-11,551.2,3.9,2.5
2013-03-12,535.9,5.3,2.5
2013-03-13,535.9,7.1,0
2013-03-14,535.9,7.1,0
2013-03-15,535.9,4.7,0
2013-03-16,518.2,0.5,5.1
2013-03-17,535.9,-3.4,5.1
2013-03-18,530.9,-1.2,0
2013-03-19,535.9,2.4,12.7
2013-03-20,543.6,0.3,40.6
2013-03-21,543.6,-3.8,7.6
2013-03-22,543.6,-4.3,5.1
2013-03-23,551.2,-3.1,0
2013-03-24,553.7,0,2.5
2013-03-25,553.7,2.2,2.5
2013-03-26,551.2,2.4,0
2013-03-27,551.2,3.6,0
2013-03-28,543.6,4.5,5.1
2013-03-29,533.4,5.6,0
2013-03-30,518.2,8.6,0
2013-03-31,500.4,8.9,0
2013-04-01,480.1,5.4,0
2013-04-02,452.1,5,0
2013-04-03,426.7,6.8,0
2013-04-04,408.9,6.1,22.9
2013-04-05,406.4,3.1,27.9
2013-04-06,383.5,1.6,20.3
2013-04-07,388.6,-0.2,27.9
2013-04-08,414,-0.7,2.5
2013-04-09,414,2.6,2.5
2013-04-10,414,3.8,0
2013-04-11,398.8,1.4,0
2013-04-12,383.5,3.1,7.6
2013-04-13,381,-1.7,2.5
2013-04-14,383.5,-1.9,7.6
2013-04-15,393.7,-1.3,2.5
2013-04-16,398.8,-1,7.6
2013-04-17,403.9,-0.4,2.5
2013-04-18,403.9,3.4,0
2013-04-19,396.2,3.4,22.9
2013-04-20,378.5,2.8,2.5
2013-04-21,360.7,3.1,0
2013-04-22,340.4,2.4,0
2013-04-23,325.1,5.4,0
2013-04-24,304.8,6.4,0
2013-04-25,284.5,9.2,0
2013-04-26,248.9,11.2,0
2013-04-27,215.9,9.6,0
2013-04-28,182.9,5.7,5.1
2013-04-29,152.4,2.4,0
2013-04-30,121.9,-0.3,0
2013-05-01,104.1,4.6,0
2013-05-02,73.7,9.5,0
2013-05-03,43.2,10.7,0
2013-05-04,10.2,10.3,0
2013-05-05,0,11.5,0
2013-05-06,0,13.7,0
2013-05-07,0,11.3,0
2013-05-08,0,12,0
2013-05-09,0,14.1,0
2013-05-10,0,15.6,0
2013-05-11,0,16.5,0
2013-05-12,0,13.1,0
2013-05-13,0,7.1,7.6
2013-05-14,0,7.1,0
2013-05-15,0,6,0
2013-05-16,0,5.6,5.1
2013-05-17,0,4,7.6
2013-05-18,0,4,5.1
2013-05-19,0,5.5,0
2013-05-20,0,9.5,0
2013-05-21,0,1.5,10.2
2013-05-22,7.6,-0.4,5.1
2013-05-23,2.5,1.7,5.1
2013-05-24,0,2.5,7.6
2013-05-25,0,6.5,0
2013-05-26,0,5.3,10.2
2013-05-27,0,5.7,27.9
2013-05-28,0,6,7.6
2013-05-29,0,4.4,25.4
2013-05-30,0,3.5,0
2013-05-31,0,8.3,0
2013-06-01,0,10.8,0
2013-06-02,0,9.8,0
2013-06-03,0,11.2,0
2013-06-04,0,13.9,0
2013-06-05,0,16.1,0
2013-06-06,0,15.6,0
2013-06-07,0,14.3,0
2013-06-08,0,15.6,0
2013-06-09,0,13.2,0
2013-06-10,0,9.5,0
2013-06-11,0,5.2,0
2013-06-12,0,5.6,0
2013-06-13,0,4.1,7.6
2013-06-14,0,9.9,0
2013-06-15,0,13.5,0
2013-06-16,0,12.2,2.5
2013-06-17,0,10.9,0
2013-06-18,0,6.3,5.1
2013-06-19,0,4.3,33
2013-06-20,0,5.3,2.5
2013-06-21,0,6.7,0
2013-06-22,0,11,2.5
2013-06-23,0,10.9,10.2
2013-06-24,0,7.7,2.5
2013-06-25,0,9.3,22.9
2013-06-26,0,9.8,5.1
2013-06-27,0,14.6,0
2013-06-28,0,18.5,0
2013-06-29,0,17.4,0
2013-06-30,0,20.6,0
2013-07-01,0,21.8,0
2013-07-02,0,21.1,0
2013-07-03,0,18.1,0
2013-07-04,0,13.9,0
2013-07-05,0,11.8,0
2013-07-06,0,14.1,0
2013-07-07,0,14.4,0
2013-07-08,0,15.5,0
2013-07-09,0,18.2,0
2013-07-10,0,16.9,0
2013-07-11,0,13.3,0
2013-07-12,0,11.1,0
2013-07-13,0,12.9,0
2013-07-14,0,17,0
2013-07-15,0,17.6,0
2013-07-16,0,16.9,0
2013-07-17,0,16.6,0
2013-07-18,0,17.7,0
2013-07-19,0,18.9,0
2013-07-20,0,18.5,0
2013-07-21,0,17.8,0
2013-07-22,0,18.3,0
2013-07-23,0,19.8,0
2013-07-24,0,19.3,0
2013-07-25,0,19.9,0
2013-07-26,0,19.6,0
2013-07-27,0,15.3,0
2013-07-28,0,13,0
2013-07-29,0,14.2,0
2013-07-30,0,15.2,0
2013-07-31,0,15.9,0
2013-08-01,0,10.1,0
2013-08-02,0,11.4,0
2013-08-03,0,14.4,0
2013-08-04,0,17.5,0
2013-08-05,0,17.2,0
2013-08-06,0,17.7,0
2013-08-07,0,16.9,0
2013-08-08,0,16.5,0
2013-08-09,0,14.5,5.1
2013-08-10,0,11.8,2.5
2013-08-11,0,12.8,0
2013-08-12,0,14,0
2013-08-13,0,15.8,0
2013-08-14,0,16,0
2013-08-15,0,15.7,0
2013-08-16,0,15.8,0
2013-08-17,0,14.9,0
2013-08-18,0,15.9,0
2013-08-19,0,16.2,0
2013-08-20,0,16.8,0
2013-08-21,0,17.5,0
2013-08-22,0,15.2,17.8
2013-08-23,0,13.4,0
2013-08-24,0,12.4,0
2013-08-25,0,10.9,5.1
2013-08-26,0,11.6,0
2013-08-27,0,13.4,0
2013-08-28,0,15,0
2013-08-29,0,13.9,0
2013-08-30,0,14.3,0
2013-08-31,0,17,0
2013-09-01,0,16.2,0
2013-09-02,0,12.9,0
2013-09-03,0,12.8,0
2013-09-04,0,12.1,2.5
2013-09-05,0,9.8,33
2013-09-06,0,8.1,7.6
2013-09-07,0,13.1,2.5
2013-09-08,0,13.7,0
2013-09-09,0,15.7,0
2013-09-10,0,18.4,0
2013-09-11,0,19.6,0
2013-09-12,0,20.3,0
2013-09-13,0,16.8,0
2013-09-14,0,18.5,0
2013-09-15,0,15.5,0
2013-09-16,0,8.6,0
2013-09-17,0,7,0
2013-09-18,0,7.5,0
2013-09-19,0,10.7,0
2013-09-20,0,10,2.5
2013-09-21,0,7.4,2.5
2013-09-22,0,5.8,15.2
2013-09-23,0,6.1,5.1
2013-09-24,0,4.1,20.3
2013-09-25,0,2.4,7.6
2013-09-26,0,4.1,2.5
2013-09-27,0,4.7,20.3
2013-09-28,2.5,7.6,50.8
2013-09-29,2.5,4.7,91.4
2013-09-30,2.5,2.5,20.3
2013-10-01,5.1,2.1,12.7
2013-10-02,0,1.1,2.5
2013-10-03,0,2.7,0
2013-10-04,0,5.5,0
2013-10-05,0,8.4,2.5
2013-10-06,0,10.8,2.5
2013-10-07,0,4.2,2.5
2013-10-08,0,1.8,7.6
2013-10-09,0,1.5,0
2013-10-10,0,3.8,2.5
2013-10-11,0,4.4,2.5
2013-10-12,0,2.8,0
2013-10-13,0,3.9,0
2013-10-14,0,4.9,0
2013-10-15,0,4.7,0
2013-10-16,0,7.9,0
2013-10-17,0,6.3,0
2013-10-18,0,7.7,0
2013-10-19,0,11,0
2013-10-20,0,10.7,0
2013-10-21,0,11.9,0
2013-10-22,0,11.7,0
2013-10-23,0,10.8,0
2013-10-24,0,9.9,0
2013-10-25,0,9.6,0
2013-10-26,0,8.5,0
2013-10-27,0,2.3,5.1
2013-10-28,0,-0.4,0
2013-10-29,0,1.1,0
2013-10-30,0,3.7,5.1
2013-10-31,0,5,2.5
2013-11-01,0,5.7,2.5
2013-11-02,0,1.8,20.3
2013-11-03,7.6,-1,15.2
2013-11-04,30.5,0.1,7.6
2013-11-05,35.6,3.4,15.2
2013-11-06,27.9,6.1,2.5
2013-11-07,2.5,3.3,30.5
2013-11-08,10.2,0.8,0
2013-11-09,10.2,3.8,2.5
2013-11-10,5.1,7.5,0
2013-11-11,0,1.9,0
2013-11-12,0,6.3,0
2013-11-13,0,4.8,0
2013-11-14,0,0.8,0
2013-11-15,2.5,-0.8,7.6
2013-11-16,10.2,-0.2,20.3
2013-11-17,25.4,0.7,12.7
2013-11-18,35.6,2.4,17.8
2013-11-19,43.2,3.6,20.3
2013-11-20,20.3,-3.4,2.5
2013-11-21,22.9,-5.4,0
2013-11-22,17.8,-4,0
2013-11-23,17.8,-2.5,0
2013-11-24,17.8,4.4,0
2013-11-25,17.8,4.3,2.5
2013-11-26,20.3,4,0
2013-11-27,17.8,1.8,0
2013-11-28,15.2,4.3,0
2013-11-29,12.7,4.7,0
2013-11-30,10.2,4.7,0
2013-12-01,5.1,4.8,17.8
2013-12-02,7.6,-1.3,43.2
2013-12-03,22.9,-7.8,0
2013-12-04,20.3,-11.7,0
2013-12-05,17.8,-11.5,0
2013-12-06,20.3,-14.3,7.6
2013-12-07,30.5,-17.1,0
2013-12-08,25.4,-11.8,0
2013-12-09,30.5,-5.2,2.5
2013-12-10,38.1,-2.5,0
2013-12-11,38.1,0.5,2.5
2013-12-12,40.6,2.4,2.5
2013-12-13,45.7,1.3,2.5
2013-12-14,45.7,4.9,2.5
2013-12-15,48.3,5.1,0
2013-12-16,48.3,5.9,0
2013-12-17,48.3,7.9,0
2013-12-18,48.3,1.1,0
2013-12-19,50.8,-5.5,0
2013-12-20,45.7,-1.3,10.2
2013-12-21,63.5,1.6,10.2
2013-12-22,61,2.5,5.1
2013-12-23,58.4,3.1,5.1
2013-12-24,50.8,1.3,0
2013-12-25,45.7,6.2,0
2013-12-26,48.3,8.6,0
2013-12-27,45.7,6.2,0
2013-12-28,45.7,1.4,0
2013-12-29,43.2,3.2,0
2013-12-30,45.7,5.6,0
2013-12-31,45.7,4.5,0
2014-01-01,45.7,3.2,0
2014-01-02,43.2,6.1,0
2014-01-03,40.6,0,2.5
2014-01-04,38.1,-1,0
2014-01-05,40.6,1.3,0
2014-01-06,40.6,3.5,0
2014-01-07,40.6,1.9,17.8
2014-01-08,55.9,1.9,25.4
2014-01-09,71.1,-0.4,15.2
2014-01-10,86.4,1.9,5.1
2014-01-11,88.9,0.9,30.5
2014-01-12,124.5,0.3,22.9
2014-01-13,129.5,0.5,0
2014-01-14,124.5,4.2,0
2014-01-15,121.9,6.6,0
2014-01-16,119.4,5.3,0
2014-01-17,121.9,6.8,0
2014-01-18,121.9,7.6,0
2014-01-19,121.9,5.8,0
2014-01-20,119.4,1.6,0
2014-01-21,116.8,5.7,0
2014-01-22,119.4,2.7,0
2014-01-23,121.9,-4.7,0
2014-01-24,121.9,-0.7,0
2014-01-25,121.9,5.7,0
2014-01-26,124.5,6.9,0
2014-01-27,124.5,1,2.5
2014-01-28,127,4.5,20.3
2014-01-29,121.9,2.4,35.6
2014-01-30,124.5,-2.1,2.5
2014-01-31,124.5,-2.3,7.6
2014-02-01,129.5,-2.6,0
2014-02-02,124.5,-2,7.6
2014-02-03,132.1,-4.2,5.1
2014-02-04,142.2,-8.3,0
2014-02-05,142.2,-15.8,0
2014-02-06,142.2,-15,17.8
2014-02-07,160,-4.6,35.6
2014-02-08,195.6,-6.7,38.1
2014-02-09,233.7,1.8,2.5
2014-02-10,236.2,1.8,5.1
2014-02-11,233.7,1.1,22.9
2014-02-12,264.2,4.1,78.7
2014-02-13,259.1,2.4,7.6
2014-02-14,256.5,2.2,50.8
2014-02-15,266.7,2.3,30.5
2014-02-16,266.7,-1.5,15.2
2014-02-17,284.5,-0.3,30.5
2014-02-18,325.1,-0.2,33
2014-02-19,358.1,-2.8,15.2
2014-02-20,365.8,-0.4,20.3
2014-02-21,368.3,0.5,5.1
2014-02-22,368.3,0.1,0
2014-02-23,368.3,2.2,2.5
2014-02-24,368.3,4.3,5.1
2014-02-25,360.7,-2,0
2014-02-26,358.1,-3.8,0
2014-02-27,358.1,0.8,12.7
2014-02-28,363.2,1,7.6
2014-03-01,365.8,0.5,10.2
2014-03-02,383.5,3,33
2014-03-03,373.4,2.7,27.9
2014-03-04,373.4,4.2,2.5
2014-03-05,358.1,5.6,35.6
2014-03-06,337.8,1.7,33
2014-03-07,353.1,2.9,0
2014-03-08,355.6,6.2,15.2
2014-03-09,348,5.2,43.2
2014-03-10,312.4,-0.3,22.9
2014-03-11,327.7,-0.1,0
2014-03-12,330.2,5.3,0
2014-03-13,330.2,4.8,0
2014-03-14,327.7,3.6,10.2
2014-03-15,317.5,7.1,0
2014-03-16,309.9,5,7.6
2014-03-17,299.7,-2.5,10.2
2014-03-18,307.3,-0.3,0
2014-03-19,309.9,0.5,2.5
2014-03-20,309.9,-1.4,0
2014-03-21,309.9,-0.5,0
2014-03-22,309.9,2.1,0
2014-03-23,309.9,3.9,0
2014-03-24,309.9,6.4,0
2014-03-25,302.3,2.5,12.7
2014-03-26,294.6,0.4,17.8
2014-03-27,312.4,0.4,22.9
2014-03-28,332.7,1.5,55.9
2014-03-29,368.3,0.8,15.2
2014-03-30,381,-0.6,7.6
2014-03-31,391.2,0.5,2.5
2014-04-01,391.2,-0.7,10.2
2014-04-02,401.3,1.6,0
2014-04-03,401.3,2.6,2.5
2014-04-04,396.2,1.1,5.1
2014-04-05,398.8,2.1,15.2
2014-04-06,398.8,5,5.1
2014-04-07,370.8,9.1,0
2014-04-08,355.6,8.7,0
2014-04-09,332.7,4.9,0
2014-04-10,309.9,6,0
2014-04-11,292.1,8,0
2014-04-12,271.8,5.3,0
2014-04-13,254,5.3,0
2014-04-14,233.7,7.3,0
2014-04-15,210.8,2.5,0
2014-04-16,190.5,4.1,0
2014-04-17,175.3,3.4,22.9
2014-04-18,160,3.9,0
2014-04-19,137.2,3.5,5.1
2014-04-20,116.8,6,0
2014-04-21,91.4,5.8,10.2
2014-04-22,83.8,-0.2,10.2
2014-04-23,94,1.4,33
2014-04-24,99.1,1.9,27.9
2014-04-25,99.1,0.2,2.5
2014-04-26,101.6,0.2,10.2
2014-04-27,106.7,-0.4,2.5
2014-04-28,134.6,3.6,0
2014-04-29,127,7.9,0
2014-04-30,106.7,10.9,0
2014-05-01,63.5,14.5,0
2014-05-02,20.3,10.8,0
2014-05-03,10.2,4.7,0
2014-05-04,0,3.2,30.5
2014-05-05,0,2.2,5.1
2014-05-06,0,3,5.1
2014-05-07,0,5.3,0
2014-05-08,0,5.2,12.7
2014-05-09,0,1.2,38.1
2014-05-10,17.8,1.3,0
2014-05-11,25.4,6,0
2014-05-12,2.5,8.8,0
2014-05-13,0,12.7,0
2014-05-14,0,16,0
2014-05-15,0,15.6,0
2014-05-16,0,9.9,0
2014-05-17,0,8.2,0
2014-05-18,0,3.7,30.5
2014-05-19,0,5.3,7.6
2014-05-20,0,8.6,0
2014-05-21,0,10.3,0
2014-05-22,0,13.8,0
2014-05-23,0,10.4,0
2014-05-24,0,10,0
2014-05-25,0,10,0
2014-05-26,0,7.2,2.5
2014-05-27,0,5.9,5.1
2014-05-28,0,2.7,0
2014-05-29,0,8,0
2014-05-30,0,11.7,0
2014-05-31,0,10.6,0
2014-06-01,0,11.7,0
2014-06-02,0,12.7,0
2014-06-03,0,10.4,0
2014-06-04,0,11.9,0
2014-06-05,0,12.9,0
2014-06-06,0,12.8,0
2014-06-07,0,12.2,0
2014-06-08,0,13.6,0
2014-06-09,0,12.4,0
2014-06-10,0,10.4,0
2014-06-11,0,11.7,0
2014-06-12,0,7.2,7.6
2014-06-13,0,4.7,17.8
2014-06-14,0,5,0
2014-06-15,0,5.2,2.5
2014-06-16,0,2.2,12.7
2014-06-17,0,3.4,0
2014-06-18,0,8.5,0
2014-06-19,0,11.9,0
2014-06-20,0,9.1,0
2014-06-21,0,10.5,0
2014-06-22,0,13.4,0
2014-06-23,0,13.1,0
2014-06-24,0,11.2,0
2014-06-25,0,10.2,7.6
2014-06-26,0,9.4,2.5
2014-06-27,0,8.9,12.7
2014-06-28,0,8.6,0
2014-06-29,0,9.9,0
2014-06-30,0,14.1,0
2014-07-01,0,18.5,0
2014-07-02,0,15.5,0
2014-07-03,0,13.9,0
2014-07-04,0,14.4,0
2014-07-05,0,17.2,0
2014-07-06,0,17.6,0
2014-07-07,0,18.6,0
2014-07-08,0,20,0
2014-07-09,0,18.1,0
2014-07-10,0,17.9,0
2014-07-11,0,17.7,0
2014-07-12,0,20.6,0
2014-07-13,0,20,0
2014-07-14,0,19.1,0
2014-07-15,0,20.2,0
2014-07-16,0,20.9,0
2014-07-17,0,16.6,5.1
2014-07-18,0,15.8,0
2014-07-19,0,17.3,0
2014-07-20,0,14.2,0
2014-07-21,0,12.8,0
2014-07-22,0,14.4,7.6
2014-07-23,0,8.2,7.6
2014-07-24,0,7.7,0
2014-07-25,0,12.6,0
2014-07-26,0,16,0
2014-07-27,0,18.5,0
2014-07-28,0,20.4,0
2014-07-29,0,19.7,0
2014-07-30,0,20,0
2014-07-31,0,20.7,0
2014-08-01,0,19.7,0
2014-08-02,0,18.1,0
2014-08-03,0,18.5,0
2014-08-04,0,20.1,0
2014-08-05,0,16.1,0
2014-08-06,0,15.5,0
2014-08-07,0,14.7,0
2014-08-08,0,14.1,0
2014-08-09,0,16.7,0
2014-08-10,0,20.9,0
2014-08-11,0,21.1,0
2014-08-12,0,14.7,5.1
2014-08-13,0,11.5,0
2014-08-14,0,11.6,0
2014-08-15,0,13.2,0
2014-08-16,0,15.9,0
2014-08-17,0,17,0
2014-08-18,0,18.5,0
2014-08-19,0,15.6,0
2014-08-20,0,11.9,0
2014-08-21,0,12.1,0
2014-08-22,0,11.4,0
2014-08-23,0,13.2,0
2014-08-24,0,13.4,0
2014-08-25,0,14,0
2014-08-26,0,16.5,0
2014-08-27,0,17.6,0
2014-08-28,0,15.9,0
2014-08-29,0,13.6,0
2014-08-30,0,9.4,5.1
2014-08-31,0,9.3,0
2014-09-01,0,12.8,0
2014-09-02,0,11.4,0
2014-09-03,0,8.7,0
2014-09-04,0,11.3,0
2014-09-05,0,13.6,0
2014-09-06,0,15.6,0
2014-09-07,0,16.6,0
2014-09-08,0,14.1,0
2014-09-09,0,10.4,0
2014-09-10,0,12.4,0
2014-09-11,0,8.5,0
2014-09-12,0,12.5,0
2014-09-13,0,12.9,0
2014-09-14,0,15.1,0
2014-09-15,0,16.6,0
2014-09-16,0,15.8,0
2014-09-17,0,15.4,0
2014-09-18,0,11.4,2.5
2014-09-19,0,14,0
2014-09-20,0,16.7,0
2014-09-21,0,17.3,0
2014-09-22,0,15.1,0
2014-09-23,0,14.4,0
2014-09-24,0,9.6,5.1
2014-09-25,0,8.3,2.5
2014-09-26,0,8,0
2014-09-27,0,9,0
2014-09-28,0,11.5,0
2014-09-29,0,9,0
2014-09-30,0,5.8,5.1
2014-10-01,0,6.6,0
2014-10-02,0,10.4,0
2014-10-03,0,12.8,0
2014-10-04,0,15.7,0
2014-10-05,0,16.3,0
2014-10-06,0,16.4,0
2014-10-07,0,14.9,0
2014-10-08,0,11.6,0
2014-10-09,0,11.3,0
2014-10-10,0,11.5,0
2014-10-11,0,8.1,2.5
2014-10-12,0,7.7,0
2014-10-13,0,12.6,2.5
2014-10-14,0,7.2,0
2014-10-15,0,4.1,7.6
2014-10-16,0,6.9,0
2014-10-17,0,8.2,5.1
2014-10-18,0,10.8,0
2014-10-19,0,10.8,0
2014-10-20,0,6.4,2.5
2014-10-21,0,4.7,7.6
2014-10-22,0,7.6,7.6
2014-10-23,0,5.4,10.2
2014-10-24,0,5.1,5.1
2014-10-25,0,5.8,7.6
2014-10-26,2.5,1.4,25.4
2014-10-27,20.3,3.5,2.5
2014-10-28,7.6,6.4,12.7
2014-10-29,0,7.4,2.5
2014-10-30,0,8.4,17.8
2014-10-31,0,3.4,7.6
2014-11-01,0,1.1,0
2014-11-02,0,2.3,10.2
2014-11-03,0,4.9,2.5
2014-11-04,0,6.8,5.1
2014-11-05,0,9.8,0
2014-11-06,0,7.6,5.1
2014-11-07,0,4.1,0
2014-11-08,0,9.3,0
2014-11-09,0,5.4,0
2014-11-10,0,0.4,0
2014-11-11,0,-4.7,0
2014-11-12,0,-9.8,0
2014-11-13,0,-5.1,68.6
2014-11-14,53.3,-2.2,22.9
2014-11-15,53.3,-9.2,2.5
2014-11-16,53.3,-5.9,0
2014-11-17,50.8,-3.4,2.5
2014-11-18,53.3,0.5,2.5
2014-11-19,55.9,0.6,7.6
2014-11-20,63.5,3.7,7.6
2014-11-21,55.9,4.2,35.6
2014-11-22,38.1,1,15.2
2014-11-23,50.8,1.2,10.2
2014-11-24,55.9,3.6,0
2014-11-25,53.3,6.4,22.9
2014-11-26,7.6,7.9,0
2014-11-27,0,6.2,22.9
2014-11-28,0,4.1,58.4
2014-11-29,2.5,-3.2,2.5
2014-11-30,5.1,-6.6,0
2014-12-01,7.6,1.2,12.7
2014-12-02,15.2,-1.2,0
2014-12-03,15.2,-5.7,5.1
2014-12-04,22.9,4.5,12.7
2014-12-05,15.2,3.1,0
2014-12-06,10.2,2.6,2.5
2014-12-07,0,2.5,2.5
2014-12-08,2.5,5.4,0
2014-12-09,2.5,7.5,15.2
2014-12-10,0,7.8,7.6
2014-12-11,0,4.4,5.1
2014-12-12,0,1.3,0
2014-12-13,0,-0.2,0
2014-12-14,0,-1.4,0
2014-12-15,2.5,-2.4,5.1
2014-12-16,7.6,-0.7,2.5
2014-12-17,7.6,-0.2,2.5
2014-12-18,12.7,2.9,7.6
2014-12-19,10.2,0.9,15.2
2014-12-20,22.9,2.9,73.7
2014-12-21,53.3,4.3,63.5
2014-12-22,15.2,3.6,2.5
2014-12-23,0,5.3,7.6
2014-12-24,0,0.4,17.8
2014-12-25,12.7,-1.8,0
2014-12-26,17.8,-1.9,0
2014-12-27,17.8,-1.3,20.3
2014-12-28,40.6,-2,15.2
2014-12-29,61,-6.4,7.6
2014-12-30,73.7,-14,0
2014-12-31,66,-4.3,7.6
2015-01-01,68.6,-1.8,0
2015-01-02,68.6,1.8,5.1
2015-01-03,71.1,1.3,2.5
2015-01-04,71.1,1.8,2.5
2015-01-05,76.2,5.7,0
2015-01-06,73.7,8.4,0
2015-01-07,73.7,8,0
2015-01-08,71.1,3,0
2015-01-09,71.1,1.3,0
2015-01-10,71.1,4.5,0
2015-01-11,71.1,1.6,2.5
2015-01-12,73.7,1.7,5.1
2015-01-13,73.7,-0.2,0
2015-01-14,73.7,-1.6,0
2015-01-15,73.7,1.5,17.8
2015-01-16,78.7,2.7,12.7
2015-01-17,66,6.2,33
2015-01-18,45.7,2,5.1
2015-01-19,33,0,5.1
2015-01-20,35.6,0,2.5
2015-01-21,38.1,-0.3,0
2015-01-22,40.6,4.5,0
2015-01-23,35.6,6.5,0
2015-01-24,30.5,9.7,0
2015-01-25,12.7,11.3,0
2015-01-26,5.1,10.9,0
2015-01-27,0,5.6,0
2015-01-28,0,5.2,0
2015-01-29,0,2.5,0
2015-01-30,0,1.3,0
2015-01-31,0,3,0
2015-02-01,0,4.4,7.6
2015-02-02,0,4.8,20.3
2015-02-03,0,3.1,12.7
2015-02-04,0,4.9,0
2015-02-05,0,6.9,10.2
2015-02-06,0,5.3,22.9
2015-02-07,0,4,25.4
2015-02-08,0,4.9,2.5
2015-02-09,0,2.9,17.8
2015-02-10,0,3.1,2.5
2015-02-11,0,4.8,0
2015-02-12,0,8.1,0
2015-02-13,0,8.5,0
2015-02-14,0,5.3,0
2015-02-15,0,3.7,0
2015-02-16,0,2.5,0
2015-02-17,0,2.9,0
2015-02-18,0,6.9,0
2015-02-19,0,3.9,0
2015-02-20,0,2.8,0
2015-02-21,0,0.1,0
2015-02-22,0,-2.7,0
2015-02-23,0,-1.2,0
2015-02-24,0,5.1,0
2015-02-25,0,1.9,0
2015-02-26,0,1.7,10.2
2015-02-27,0,0.7,10.2
2015-02-28,10.2,-2.3,0
2015-03-01,7.6,0.5,0
2015-03-02,10.2,0.4,0
2015-03-03,10.2,-0.3,0
2015-03-04,5.1,2.3,0
2015-03-05,0,6.5,0
2015-03-06,0,7.1,0
2015-03-07,0,7.9,0
2015-03-08,0,7.9,0
2015-03-09,0,8.5,0
2015-03-10,0,9.8,2.5
2015-03-11,0,5.2,10.2
2015-03-12,0,7.2,0
2015-03-13,0,8.6,0
2015-03-14,0,6.7,25.4
2015-03-15,0,4.9,15.2
2015-03-16,0,3.9,5.1
2015-03-17,0,3.5,2.5
2015-03-18,0,4.3,0
2015-03-19,0,7.4,0
2015-03-20,0,8.3,0
2015-03-21,0,3.5,2.5
2015-03-22,0,2.4,10.2
2015-03-23,0,0.3,25.4
2015-03-24,25.4,1.1,5.1
2015-03-25,30.5,4.5,5.1
2015-03-26,7.6,9.6,2.5
2015-03-27,0,9.4,0
2015-03-28,0,2.9,2.5
2015-03-29,0,7.3,2.5
2015-03-30,0,8.6,2.5
2015-03-31,0,0.3,20.3
2015-04-01,20.3,-0.7,7.6
2015-04-02,22.9,-0.1,2.5
2015-04-03,15.2,0.3,5.1
2015-04-04,10.2,-0.3,0
2015-04-05,5.1,-0.3,7.6
2015-04-06,12.7,-0.2,7.6
2015-04-07,12.7,1.5,10.2
2015-04-08,17.8,1.6,0
2015-04-09,7.6,3.6,0
2015-04-10,2.5,4.6,0
2015-04-11,0,-0.1,7.6
2015-04-12,5.1,2.7,2.5
2015-04-13,0,3.1,2.5
2015-04-14,0,-1.7,7.6
2015-04-15,0,1.7,0
2015-04-16,0,7,0
2015-04-17,0,9.8,0
2015-04-18,0,8.7,0
2015-04-19,0,11.9,0
2015-04-20,0,11.6,0
2015-04-21,0,7.2,0
2015-04-22,0,3,0
2015-04-23,0,1.3,2.5
2015-04-24,0,0.2,7.6
2015-04-25,0,0.9,7.6
2015-04-26,0,3.6,2.5
2015-04-27,0,10.8,0
2015-04-28,0,7.5,0
2015-04-29,0,3.8,0
2015-04-30,0,7.7,0
2015-05-01,0,11.5,0
2015-05-02,0,9.8,0
2015-05-03,0,10.4,0
2015-05-04,0,8,0
2015-05-05,0,3.5,0
2015-05-06,0,1.8,0
2015-05-07,0,6.1,0
2015-05-08,0,9.4,0
2015-05-09,0,10.8,0
2015-05-10,0,10.2,0
2015-05-11,0,4.2,5.1
2015-05-12,0,1.9,10.2
2015-05-13,0,3.3,0
2015-05-14,0,6.3,2.5
2015-05-15,0,5.3,5.1
2015-05-16,0,4.3,0
2015-05-17,0,7.2,0
2015-05-18,0,8.9,5.1
2015-05-19,0,8.8,0
2015-05-20,0,9.4,2.5
2015-05-21,0,9.8,5.1
2015-05-22,0,7.4,7.6
2015-05-23,0,5.9,0
2015-05-24,0,8.7,0
2015-05-25,0,9,0
2015-05-26,0,9.8,0
2015-05-27,0,11.3,0
2015-05-28,0,13.8,5.1
2015-05-29,0,15.6,0
2015-05-30,0,14.9,0
2015-05-31,0,15.9,0
2015-06-01,0,9,10.2
2015-06-02,0,5.9,2.5
2015-06-03,0,7.1,0
2015-06-04,0,10.6,0
2015-06-05,0,14.3,0
2015-06-06,0,16.7,0
2015-06-07,0,19.6,0
2015-06-08,0,22.2,0
2015-06-09,0,18.6,0
2015-06-10,0,14.7,0
2015-06-11,0,15.4,0
2015-06-12,0,12.6,0
2015-06-13,0,11.4,0
2015-06-14,0,13.8,0
2015-06-15,0,15.9,0
2015-06-16,0,14.3,0
2015-06-17,0,14.3,0
2015-06-18,0,14,0
2015-06-19,0,10.6,0
2015-06-20,0,13.6,0
2015-06-21,0,13.3,0
2015-06-22,0,13,0
2015-06-23,0,13.7,0
2015-06-24,0,15.9,0
2015-06-25,0,19.3,0
2015-06-26,0,23.2,0
2015-06-27,0,23.4,0
2015-06-28,0,19.1,0
2015-06-29,0,19.2,0
2015-06-30,0,19.3,0
2015-07-01,0,21.3,0
2015-07-02,0,22.8,0
2015-07-03,0,20.3,0
2015-07-04,0,18.7,0
2015-07-05,0,19.9,0
2015-07-06,0,19.7,0
2015-07-07,0,18.5,0
2015-07-08,0,18.4,0
2015-07-09,0,16.2,2.5
2015-07-10,0,12.9,0
2015-07-11,0,11.6,0
2015-07-12,0,13.3,0
2015-07-13,0,13.3,0
2015-07-14,0,13.7,0
2015-07-15,0,14.3,0
2015-07-16,0,12.4,0
2015-07-17,0,13.5,0
2015-07-18,0,17.8,0
2015-07-19,0,18.8,0
2015-07-20,0,17.8,0
2015-07-21,0,14.6,0
2015-07-22,0,11.7,0
2015-07-23,0,12.6,0
2015-07-24,0,13.9,0
2015-07-25,0,11.1,0
2015-07-26,0,9.1,0
2015-07-27,0,10.2,0
2015-07-28,0,14.1,0
2015-07-29,0,19.4,0
2015-07-30,0,22.8,0
2015-07-31,0,23.2,0
2015-08-01,0,22.4,0
2015-08-02,0,20.2,0
2015-08-03,0,17.7,0
2015-08-04,0,15.7,0
2015-08-05,0,12.8,0
2015-08-06,0,13.6,0
2015-08-07,0,15.5,0
2015-08-08,0,14.1,0
2015-08-09,0,14.3,0
2015-08-10,0,14.7,0
2015-08-11,0,17.3,0
2015-08-12,0,17.7,0
2015-08-13,0,17.9,0
2015-08-14,0,10.6,0
2015-08-15,0,12.6,0
2015-08-16,0,14,0
2015-08-17,0,16.8,0
2015-08-18,0,19.8,0
2015-08-19,0,19.8,0
2015-08-20,0,15.5,0
2015-08-21,0,12.7,0
2015-08-22,0,13.8,0
2015-08-23,0,17,0
2015-08-24,0,16.2,0
2015-08-25,0,16.9,0
2015-08-26,0,16.9,0
2015-08-27,0,16.7,0
2015-08-28,0,17,0
2015-08-29,0,11.5,10.2
2015-08-30,0,7.8,12.7
2015-08-31,0,10.4,0
2015-09-01,0,11.1,2.5
2015-09-02,0,6.9,5.1
2015-09-03,0,5.6,0
2015-09-04,0,4.3,5.1
2015-09-05,0,4.6,0
2015-09-06,0,6.7,2.5
2015-09-07,0,9.6,0
2015-09-08,0,13.8,2.5
2015-09-09,0,16.1,0
2015-09-10,0,17.6,0
2015-09-11,0,19.7,0
2015-09-12,0,18.8,0
2015-09-13,0,13.3,0
2015-09-14,0,8,0
2015-09-15,0,4.7,0
2015-09-16,0,6.2,2.5
2015-09-17,0,6.4,25.4
2015-09-18,0,8.9,0
2015-09-19,0,11.7,0
2015-09-20,0,13,0
2015-09-21,0,12.4,0
2015-09-22,0,10.7,0
2015-09-23,0,10.8,0
2015-09-24,0,12.4,0
2015-09-25,0,13,0
2015-09-26,0,7.9,0
2015-09-27,0,7.4,0
2015-09-28,0,10,0
2015-09-29,0,12.9,0
2015-09-30,0,11.4,0
2015-10-01,0,11.9,2.5
2015-10-02,0,9.1,2.5
2015-10-03,0,5.6,0
2015-10-04,0,9.4,0
2015-10-05,0,11,0
2015-10-06,0,12.9,2.5
2015-10-07,0,13.4,0
2015-10-08,0,13.6,0
2015-10-09,0,13.8,0
2015-10-10,0,10.8,2.5
2015-10-11,0,8.8,7.6
2015-10-12,0,11.6,0
2015-10-13,0,12.4,0
2015-10-14,0,12.7,0
2015-10-15,0,11,0
2015-10-16,0,12.8,2.5
2015-10-17,0,9.8,2.5
2015-10-18,0,9,0
2015-10-19,0,7.1,0
2015-10-20,0,7.6,0
2015-10-21,0,8.9,0
2015-10-22,0,6.6,0
2015-10-23,0,6.6,0
2015-10-24,0,10.2,0
2015-10-25,0,5.2,12.7
2015-10-26,0,4,2.5
2015-10-27,0,6.2,2.5
2015-10-28,0,5.7,20.3
2015-10-29,0,5.8,0
2015-10-30,0,7.2,7.6
2015-10-31,0,8.6,30.5
2015-11-01,0,3.2,15.2
2015-11-02,0,1.7,5.1
2015-11-03,0,-0.2,0
2015-11-04,0,-0.4,5.1
2015-11-05,0,1.2,2.5
2015-11-06,0,4.8,0
2015-11-07,0,5.9,5.1
2015-11-08,0,1.9,12.7
2015-11-09,2.5,-0.2,2.5
2015-11-10,0,-0.5,2.5
2015-11-11,0,0.3,7.6
2015-11-12,12.7,0.9,0
2015-11-13,12.7,4.6,10.2
2015-11-14,0,4.5,0
2015-11-15,0,-0.4,2.5
2015-11-16,10.2,-1.2,15.2
2015-11-17,22.9,4.3,43.2
2015-11-18,2.5,0,0
2015-11-19,5.1,4.2,33
2015-11-20,0,-0.8,0
2015-11-21,0,-0.6,0
2015-11-22,2.5,2.5,0
2015-11-23,5.1,4.7,2.5
2015-11-24,10.2,-2.1,7.6
2015-11-25,22.9,-6.3,0
2015-11-26,17.8,-6.2,2.5
2015-11-27,15.2,-6.1,0
2015-11-28,17.8,-6.1,0
2015-11-29,20.3,-4.2,0
2015-11-30,20.3,-0.1,7.6
2015-12-01,25.4,0.7,2.5
2015-12-02,30.5,3.5,12.7
2015-12-03,20.3,3.6,5.1
2015-12-04,12.7,-0.4,2.5
2015-12-05,22.9,2.4,7.6
2015-12-06,25.4,2.4,22.9
2015-12-07,33,6.5,45.7
2015-12-08,7.6,8,10.2
2015-12-09,0,2.9,27.9
2015-12-10,0,0.2,25.4
2015-12-11,38.1,-0.6,15.2
2015-12-12,53.3,0.1,50.8
2015-12-13,104.1,-1.6,33
2015-12-14,137.2,-2.8,2.5
2015-12-15,139.7,-3.1,0
2015-12-16,142.2,-0.9,10.2
2015-12-17,152.4,2.1,73.7
2015-12-18,188,0.3,17.8
2015-12-19,190.5,-1.8,2.5
2015-12-20,193,-1.2,20.3
2015-12-21,215.9,-0.4,22.9
2015-12-22,221,-1.8,20.3
2015-12-23,241.3,-3.4,25.4
2015-12-24,266.7,-4.5,5.1
2015-12-25,271.8,-5,0
2015-12-26,271.8,-7,2.5
2015-12-27,274.3,-3.1,7.6
2015-12-28,279.4,-1.9,5.1
2015-12-29,284.5,-3.3,0
2015-12-30,284.5,-5.2,0
2015-12-31,281.9,-7.6,0
2016-01-01,281.9,-10.4,0
2016-01-02,279.4,-11.7,0
2016-01-03,279.4,-5.3,7.6
2016-01-04,287,-0.3,2.5
2016-01-05,284.5,0,5.1
2016-01-06,289.6,-2,0
2016-01-07,289.6,-0.9,0
2016-01-08,289.6,-1.7,0
2016-01-09,292.1,-0.9,7.6
2016-01-10,297.2,-1.9,0
2016-01-11,297.2,0.2,7.6
2016-01-12,299.7,2.1,10.2
2016-01-13,307.3,1,7.6
2016-01-14,317.5,-1.5,10.2
2016-01-15,327.7,-0.2,5.1
2016-01-16,332.7,2,17.8
2016-01-17,340.4,1.2,17.8
2016-01-18,353.1,1.8,5.1
2016-01-19,358.1,0.2,35.6
2016-01-20,398.8,-0.1,0
2016-01-21,403.9,6.6,0
2016-01-22,396.2,4,5.1
2016-01-23,388.6,0.7,7.6
2016-01-24,403.9,0,2.5
2016-01-25,406.4,2,0
2016-01-26,406.4,5.5,2.5
2016-01-27,401.3,6.6,2.5
2016-01-28,398.8,3.7,22.9
2016-01-29,388.6,0,15.2
2016-01-30,403.9,-2.5,15.2
2016-01-31,419.1,-3.9,2.5
2016-02-01,419.1,-3.7,0
2016-02-02,419.1,-3.7,0
2016-02-03,419.1,-0.1,10.2
2016-02-04,431.8,0.2,10.2
2016-02-05,442,2.4,5.1
2016-02-06,447,3,5.1
2016-02-07,439.4,6.4,0
2016-02-08,434.3,7.1,0
2016-02-09,424.2,6.2,0
2016-02-10,416.6,6.3,0
2016-02-11,411.5,4.8,0
2016-02-12,403.9,4.5,12.7
2016-02-13,403.9,0.9,10.2
2016-02-14,406.4,4.3,22.9
2016-02-15,378.5,5.8,2.5
2016-02-16,337.8,6,0
2016-02-17,330.2,4.7,2.5
2016-02-18,332.7,-0.3,15.2
2016-02-19,350.5,-0.1,10.2
2016-02-20,353.1,-0.4,0
2016-02-21,353.1,-0.3,5.1
2016-02-22,360.7,-0.6,0
2016-02-23,360.7,1.2,0
2016-02-24,360.7,4.4,0
2016-02-25,360.7,4.6,0
2016-02-26,355.6,4.9,12.7
2016-02-27,360.7,2.2,10.2
2016-02-28,360.7,2.3,7.6
2016-02-29,360.7,1.7,10.2
2016-03-01,365.8,3.6,15.2
2016-03-02,358.1,4,7.6
2016-03-03,348,3.5,5.1
2016-03-04,348,6.4,5.1
2016-03-05,325.1,5.2,20.3
2016-03-06,315,0.9,0
2016-03-07,315,-1,10.2
2016-03-08,320,-0.8,5.1
2016-03-09,330.2,3.4,20.3
2016-03-10,340.4,1.7,7.6
2016-03-11,340.4,3.1,10.2
2016-03-12,337.8,-0.1,25.4
2016-03-13,365.8,-0.1,25.4
2016-03-14,391.2,-2,33
2016-03-15,424.2,-0.6,15.2
2016-03-16,444.5,2.9,2.5
2016-03-17,444.5,0.5,0
2016-03-18,442,0.4,0
2016-03-19,439.4,4.3,0
2016-03-20,434.3,4.3,5.1
2016-03-21,426.7,1.5,2.5
2016-03-22,431.8,-0.3,7.6
2016-03-23,439.4,1.4,10.2
2016-03-24,442,0.5,2.5
2016-03-25,436.9,-0.7,0
2016-03-26,434.3,2.2,7.6
2016-03-27,436.9,-0.7,5.1
2016-03-28,436.9,-1.2,2.5
2016-03-29,434.3,3.8,0
2016-03-30,431.8,5.9,0
2016-03-31,421.6,8.1,0
2016-04-01,408.9,9.3,0
2016-04-02,391.2,8.5,0
2016-04-03,365.8,8.1,5.1
2016-04-04,345.4,0.5,7.6
2016-04-05,358.1,3.9,0
2016-04-06,355.6,11.9,2.5
2016-04-07,340.4,12.5,7.6
2016-04-08,302.3,12.4,0
2016-04-09,261.6,9.8,0
2016-04-10,221,8,0
2016-04-11,180.3,7.2,0
2016-04-12,149.9,3,2.5
2016-04-13,134.6,2.1,7.6
2016-04-14,134.6,0,20.3
2016-04-15,167.6,1.9,2.5
2016-04-16,167.6,7.1,2.5
2016-04-17,154.9,10.2,0
2016-04-18,116.8,12.9,0
2016-04-19,68.6,14,0
2016-04-20,35.6,12.1,0
2016-04-21,2.5,9.4,0
2016-04-22,0,5,7.6
2016-04-23,0,3.4,2.5
2016-04-24,0,0.6,17.8
2016-04-25,0,0.4,0
2016-04-26,0,2.4,0
2016-04-27,0,2.7,2.5
2016-04-28,0,3.1,2.5
2016-04-29,0,2.7,0
2016-04-30,0,6.5,2.5
2016-05-01,0,9.9,0
2016-05-02,0,12.7,0
2016-05-03,0,11.1,5.1
2016-05-04,0,8.9,0
2016-05-05,0,8.9,0
2016-05-06,0,11.5,0
2016-05-07,0,14.4,0
2016-05-08,0,6.9,0
2016-05-09,0,5.1,0
2016-05-10,0,8.3,0
2016-05-11,0,12.9,0
2016-05-12,0,13.4,0
2016-05-13,0,14.4,0
2016-05-14,0,6.8,0
2016-05-15,0,4.8,7.6
2016-05-16,0,6.8,5.1
2016-05-17,0,11.8,0
2016-05-18,0,10.9,0
2016-05-19,0,1.9,2.5
2016-05-20,0,3.1,10.2
2016-05-21,0,2.5,12.7
2016-05-22,0,3.7,5.1
2016-05-23,0,5.3,5.1
2016-05-24,0,7.1,0
2016-05-25,0,6.7,0
2016-05-26,0,5.3,0
2016-05-27,0,4.4,0
2016-05-28,0,8.3,0
2016-05-29,0,8.9,0
2016-05-30,0,10.6,0
2016-05-31,0,14.9,0
2016-06-01,0,13.9,0
2016-06-02,0,10.8,0
2016-06-03,0,16.8,0
2016-06-04,0,19.5,0
2016-06-05,0,20.6,0
2016-06-06,0,19.6,0
2016-06-07,0,19.8,0
2016-06-08,0,11.3,0
2016-06-09,0,9.4,2.5
2016-06-10,0,4.1,7.6
2016-06-11,0,6,0
2016-06-12,0,10.4,0
2016-06-13,0,6.9,12.7
2016-06-14,0,1.8,0
2016-06-15,0,3.3,5.1
2016-06-16,0,4.1,7.6
2016-06-17,0,6.1,5.1
2016-06-18,0,4.2,12.7
2016-06-19,0,8.4,0
2016-06-20,0,11.3,0
2016-06-21,0,12.1,0
2016-06-22,0,12.4,0
2016-06-23,0,8.1,7.6
2016-06-24,0,6.2,0
2016-06-25,0,12.4,0
2016-06-26,0,16.4,0
2016-06-27,0,16.7,0
2016-06-28,0,16.6,0
2016-06-29,0,15.1,0
2016-06-30,0,14.2,0
2016-07-01,0,15,0
2016-07-02,0,15.7,0
2016-07-03,0,13.2,0
2016-07-04,0,11.3,0
2016-07-05,0,10.8,0
2016-07-06,0,11.7,0
2016-07-07,0,12.1,10.2
2016-07-08,0,9.5,7.6
2016-07-09,0,8.4,7.6
2016-07-10,0,6.2,5.1
2016-07-11,0,10.6,0
2016-07-12,0,9.5,0
2016-07-13,0,12.6,0
2016-07-14,0,14.9,0
2016-07-15,0,11.7,0
2016-07-16,0,11.4,0
2016-07-17,0,12.2,0
2016-07-18,0,10.6,0
2016-07-19,0,11.7,0
2016-07-20,0,13.8,0
2016-07-21,0,15.5,0
2016-07-22,0,11,0
2016-07-23,0,13.5,0
2016-07-24,0,17.2,0
2016-07-25,0,17.5,0
2016-07-26,0,16.8,0
2016-07-27,0,17.4,0
2016-07-28,0,19.8,0
2016-07-29,0,20.5,0
2016-07-30,0,15.8,0
2016-07-31,0,14.1,0
2016-08-01,0,14.9,0
2016-08-02,0,10,0
2016-08-03,0,14,0
2016-08-04,0,17.9,0
2016-08-05,0,15.5,0
2016-08-06,0,12.7,0
2016-08-07,0,10.2,0
2016-08-08,0,8.9,2.5
2016-08-09,0,9.4,0
2016-08-10,0,13,0
2016-08-11,0,17.1,0
2016-08-12,0,19.4,0
2016-08-13,0,19.1,0
2016-08-14,0,18.2,0
2016-08-15,0,17.4,0
2016-08-16,0,17.5,0
2016-08-17,0,17.3,0
2016-08-18,0,21.6,0
2016-08-19,0,19.8,0
2016-08-20,0,20.2,0
2016-08-21,0,17,0
2016-08-22,0,12.8,0
2016-08-23,0,13.8,0
2016-08-24,0,15.6,0
2016-08-25,0,16.4,0
2016-08-26,0,17.4,0
2016-08-27,0,16.1,0
2016-08-28,0,17,0
2016-08-29,0,16.3,0
2016-08-30,0,11.9,0
2016-08-31,0,11.3,0
2016-09-01,0,9.3,5.1
2016-09-02,0,7.6,2.5
2016-09-03,0,8.1,0
2016-09-04,0,6,0
2016-09-05,0,9,0
2016-09-06,0,8.4,7.6
2016-09-07,0,10.7,0
2016-09-08,0,11.4,0
2016-09-09,0,12,0
2016-09-10,0,15.8,0
2016-09-11,0,10.3,0
2016-09-12,0,8.4,0
2016-09-13,0,9.1,0
2016-09-14,0,10.1,0
2016-09-15,0,12.6,0
2016-09-16,0,14.5,0
2016-09-17,0,11.9,20.3
2016-09-18,0,10.6,5.1
2016-09-19,0,7.8,0
2016-09-20,0,7.4,0
2016-09-21,0,8.4,2.5
2016-09-22,0,5.3,0
2016-09-23,0,5.6,0
2016-09-24,0,9.4,0
2016-09-25,0,15.4,0
2016-09-26,0,17.6,0
2016-09-27,0,14.6,0
2016-09-28,0,13.4,0
2016-09-29,0,10.9,0
2016-09-30,0,8.1,0
2016-10-01,0,4,2.5
2016-10-02,0,3.6,2.5
2016-10-03,0,3.7,2.5
2016-10-04,0,3.9,30.5
2016-10-05,0,4.3,33
2016-10-06,0,5.5,2.5
2016-10-07,0,8.4,20.3
2016-10-08,0,11.3,0
2016-10-09,0,10.1,5.1
2016-10-10,0,7.5,10.2
2016-10-11,0,4.1,0
2016-10-12,0,7.5,2.5
2016-10-13,0,7.9,55.9
2016-10-14,0,4.2,35.6
2016-10-15,0,5.1,25.4
2016-10-16,0,3.5,7.6
2016-10-17,0,2.3,35.6
2016-10-18,17.8,1.8,12.7
2016-10-19,17.8,7.5,5.1
2016-10-20,5.1,8.2,30.5
2016-10-21,0,6.2,10.2
2016-10-22,0,4.6,0
2016-10-23,0,5.8,0
2016-10-24,0,6.1,7.6
2016-10-25,0,5.9,5.1
2016-10-26,0,8,12.7
2016-10-27,0,4,7.6
2016-10-28,0,5.1,0
2016-10-29,0,4.7,5.1
2016-10-30,0,4.6,7.6
2016-10-31,0,3.6,12.7
2016-11-01,0,3.9,5.1
2016-11-02,0,9.3,0
2016-11-03,0,8,0
2016-11-04,0,9.6,0
2016-11-05,0,8.3,12.7
2016-11-06,0,5,2.5
2016-11-07,0,7.7,2.5
2016-11-08,0,10.8,0
2016-11-09,0,9.5,0
2016-11-10,0,8.2,0
2016-11-11,0,12.7,2.5
2016-11-12,0,6.4,0
2016-11-13,0,7.1,5.1
2016-11-14,0,6.8,45.7
2016-11-15,0,3,12.7
2016-11-16,0,-0.4,2.5
2016-11-17,0,0,0
2016-11-18,0,-0.3,0
2016-11-19,0,4.5,5.1
2016-11-20,0,2.8,15.2
2016-11-21,0,1.2,5.1
2016-11-22,0,1.9,5.1
2016-11-23,5.1,-0.5,10.2
2016-11-24,20.3,2.1,5.1
2016-11-25,20.3,2.2,12.7
2016-11-26,30.5,2.2,2.5
2016-11-27,38.1,-0.6,15.2
2016-11-28,61,-0.4,20.3
2016-11-29,81.3,-0.2,0
2016-11-30,81.3,-0.9,12.7
2016-12-01,96.5,-1.8,2.5
2016-12-02,99.1,-1.4,5.1
2016-12-03,101.6,0.1,0
2016-12-04,104.1,-2,20.3
2016-12-05,137.2,-4.4,17.8
2016-12-06,152.4,-5.5,2.5
2016-12-07,157.5,-9.4,5.1
2016-12-08,157.5,-7.9,30.5
2016-12-09,188,0.9,22.9
2016-12-10,210.8,-1,27.9
2016-12-11,238.8,-1.7,30.5
2016-12-12,269.2,-4,10.2
2016-12-13,279.4,-6.4,2.5
2016-12-14,281.9,-10.6,35.6
2016-12-15,317.5,-3,5.1
2016-12-16,322.6,-8.6,0
2016-12-17,320,-7.7,0
2016-12-18,317.5,-5.8,0
2016-12-19,317.5,-0.7,15.2
2016-12-20,322.6,-0.4,20.3
2016-12-21,315,-2,0
2016-12-22,317.5,1.2,5.1
2016-12-23,320,-0.9,15.2
2016-12-24,340.4,-4.5,0
2016-12-25,337.8,-5.7,0
2016-12-26,335.3,-3.1,5.1
2016-12-27,340.4,-1.3,22.9
2016-12-28,365.8,-1.9,0
2016-12-29,365.8,3.5,2.5
2016-12-30,365.8,-1.7,0
2016-12-31,368.3,-2.7,0
2017-01-01,365.8,-5.1,15.2
2017-01-02,383.5,-9.8,5.1
2017-01-03,388.6,-13.3,0
2017-01-04,393.7,-14.6,0
2017-01-05,391.2,-12.6,0
2017-01-06,388.6,-7.3,2.5
2017-01-07,388.6,-7.8,30.5
2017-01-08,411.5,-3.2,27.9
2017-01-09,439.4,-2.2,30.5
2017-01-10,469.9,-2.6,25.4
2017-01-11,497.8,-5.8,0
2017-01-12,508,-10.1,0
2017-01-13,510.5,-4.2,0
2017-01-14,513.1,-5.7,0
2017-01-15,513.1,-3.2,0
2017-01-16,513.1,3,0
2017-01-17,513.1,6.4,15.2
2017-01-18,513.1,3.8,30.5
2017-01-19,502.9,0,0
2017-01-20,505.5,-0.8,7.6
2017-01-21,513.1,-0.7,12.7
2017-01-22,533.4,-1,5.1
2017-01-23,541,-3.3,0
2017-01-24,543.6,-3.7,2.5
2017-01-25,546.1,-2,0
2017-01-26,548.6,-0.7,2.5
2017-01-27,551.2,-1.3,0
2017-01-28,551.2,0.7,0
2017-01-29,553.7,4.6,0
2017-01-30,553.7,5,2.5
2017-01-31,551.2,-0.3,0
2017-02-01,561.3,-8.8,0
2017-02-02,558.8,-10,0
2017-02-03,558.8,-2.1,22.9
2017-02-04,576.6,1,35.6
2017-02-05,622.3,2.6,22.9
2017-02-06,645.2,-2.8,20.3
2017-02-07,665.5,-1.6,10.2
2017-02-08,688.3,3.8,22.9
2017-02-09,685.8,4.7,33
2017-02-10,665.5,-0.7,5.1
2017-02-11,673.1,-1.5,0
2017-02-12,675.6,-0.3,0
2017-02-13,673.1,1.2,0
2017-02-14,673.1,4,5.1
2017-02-15,668,7.6,7.6
2017-02-16,657.9,2.2,17.8
2017-02-17,657.9,0.9,2.5
2017-02-18,655.3,0.2,7.6
2017-02-19,662.9,-0.3,17.8
2017-02-20,678.2,1.4,12.7
2017-02-21,693.4,-0.8,12.7
2017-02-22,716.3,-3.4,5.1
2017-02-23,716.3,-4.9,0
2017-02-24,716.3,-5.5,0
2017-02-25,713.7,-5.1,2.5
2017-02-26,711.2,-4,10.2
2017-02-27,723.9,-4.1,7.6
2017-02-28,734.1,-2.6,10.2
2017-03-01,751.8,-0.4,0
2017-03-02,751.8,1.2,0
2017-03-03,749.3,0.7,5.1
2017-03-04,756.9,-1.6,12.7
2017-03-05,772.2,-4.9,12.7
2017-03-06,787.4,-4.2,15.2
2017-03-07,817.9,-0.3,27.9
2017-03-08,853.4,2.7,27.9
2017-03-09,901.7,4.9,30.5
2017-03-10,853.4,4.1,0
2017-03-11,817.9,3.6,7.6
2017-03-12,805.2,4.9,0
2017-03-13,789.9,6.5,12.7
2017-03-14,769.6,7.6,0
2017-03-15,718.8,4.6,27.9
2017-03-16,696,1.1,0
2017-03-17,685.8,4,12.7
2017-03-18,670.6,3.4,27.9
2017-03-19,652.8,0.8,0
2017-03-20,637.5,0,0
2017-03-21,632.5,2.4,15.2
2017-03-22,635,0.9,5.1
2017-03-23,635,2,12.7
2017-03-24,637.5,1.4,17.8
2017-03-25,650.2,0.9,7.6
2017-03-26,650.2,1.1,12.7
2017-03-27,670.6,0.3,10.2
2017-03-28,678.2,1.7,2.5
2017-03-29,678.2,3.3,40.6
2017-03-30,668,-0.3,0
2017-03-31,655.3,3.2,0
2017-04-01,645.2,4.3,0
2017-04-02,635,0.9,0
2017-04-03,622.3,1.3,0
2017-04-04,612.1,4.8,2.5
2017-04-05,604.5,6.3,2.5
2017-04-06,594.4,5.6,5.1
2017-04-07,571.5,1.9,0
2017-04-08,561.3,-1.8,10.2
2017-04-09,569,0.3,5.1
2017-04-10,571.5,-0.2,5.1
2017-04-11,574,0.3,7.6
2017-04-12,581.7,3.1,7.6
2017-04-13,594.4,-0.4,5.1
2017-04-14,591.8,-1,10.2
2017-04-15,599.4,1.9,0
2017-04-16,596.9,2.5,2.5
2017-04-17,596.9,3.6,10.2
2017-04-18,599.4,2.2,15.2
2017-04-19,602,3.3,5.1
2017-04-20,599.4,1.2,12.7
2017-04-21,599.4,4.5,0
2017-04-22,586.7,4.3,10.2
2017-04-23,571.5,2,10.2
2017-04-24,561.3,0.8,22.9
2017-04-25,581.7,1.9,17.8
2017-04-26,591.8,1.4,10.2
2017-04-27,584.2,-0.4,7.6
2017-04-28,581.7,0.5,0
2017-04-29,574,4.9,5.1
2017-04-30,561.3,3.9,2.5
2017-05-01,533.4,3.9,5.1
2017-05-02,523.2,7.2,0
2017-05-03,477.5,12.6,2.5
2017-05-04,434.3,14,7.6
2017-05-05,378.5,3.2,0
2017-05-06,350.5,0.9,0
2017-05-07,335.3,4.7,0
2017-05-08,312.4,8.2,0
2017-05-09,287,9.4,0
2017-05-10,256.5,10.4,5.1
2017-05-11,221,3.7,2.5
2017-05-12,208.3,0.1,12.7
2017-05-13,218.4,0.6,0
2017-05-14,213.4,1.7,2.5
2017-05-15,198.1,3,0
2017-05-16,177.8,0.7,27.9
2017-05-17,195.6,1.7,2.5
2017-05-18,182.9,7.1,0
2017-05-19,154.9,10,0
2017-05-20,111.8,9.9,0
2017-05-21,61,12,0
2017-05-22,2.5,16,0
2017-05-23,0,15.2,0
2017-05-24,0,6.4,0
2017-05-25,0,7.3,0
2017-05-26,0,10.8,0
2017-05-27,0,14.7,0
2017-05-28,0,17.3,0
2017-05-29,0,18.2,0
2017-05-30,0,9.8,0
2017-05-31,0,9.5,0
2017-06-01,0,9.1,0
2017-06-02,0,12.2,0
2017-06-03,0,10.3,0
2017-06-04,0,6.7,0
2017-06-05,0,10.8,0
2017-06-06,0,14.5,0
2017-06-07,0,14.5,0
2017-06-08,0,6.7,15.2
2017-06-09,0,3.1,7.6
2017-06-10,0,2.6,5.1
2017-06-11,0,5.4,5.1
2017-06-12,0,4.3,0
2017-06-13,0,3.9,0
2017-06-14,0,8.2,0
2017-06-15,0,8.5,17.8
2017-06-16,0,8.1,2.5
2017-06-17,0,11.2,0
2017-06-18,0,16.4,0
2017-06-19,0,18.3,0
2017-06-20,0,14.2,0
2017-06-21,0,13.1,0
2017-06-22,0,13.8,0
2017-06-23,0,16.5,0
2017-06-24,0,18.6,0
2017-06-25,0,20.8,0
2017-06-26,0,17.3,0
2017-06-27,0,13.4,0
2017-06-28,0,11.2,0
2017-06-29,0,14.2,0
2017-06-30,0,17.4,0
2017-07-01,0,14.6,0
2017-07-02,0,15.3,2.5
2017-07-03,0,15.7,0
2017-07-04,0,17.7,2.5
2017-07-05,0,18.7,2.5
2017-07-06,0,19.7,0
2017-07-07,0,17.4,0
2017-07-08,0,17.6,0
2017-07-09,0,15.7,0
2017-07-10,0,13.5,0
2017-07-11,0,13.8,0
2017-07-12,0,15.4,0
2017-07-13,0,14.8,0
2017-07-14,0,17.3,0
2017-07-15,0,14.5,0
2017-07-16,0,12.4,0
2017-07-17,0,13.6,0
2017-07-18,0,14.5,0
2017-07-19,0,13.4,0
2017-07-20,0,12.2,0
2017-07-21,0,14.1,0
2017-07-22,0,17.8,0
2017-07-23,0,19.6,0
2017-07-24,0,18.8,0
2017-07-25,0,18.2,0
2017-07-26,0,17.4,0
2017-07-27,0,15.8,0
2017-07-28,0,15.7,0
2017-07-29,0,17.1,0
2017-07-30,0,17.7,0
2017-07-31,0,20.4,0
2017-08-01,0,22.4,0
2017-08-02,0,23.1,0
2017-08-03,0,23.2,0
2017-08-04,0,20.4,0
2017-08-05,0,18.8,0
2017-08-06,0,19.3,0
2017-08-07,0,20.6,0
2017-08-08,0,20.4,0
2017-08-09,0,20.6,0
2017-08-10,0,21,0
2017-08-11,0,19.6,0
2017-08-12,0,16.2,0
2017-08-13,0,10.6,0
2017-08-14,0,11.2,0
2017-08-15,0,12.9,0
2017-08-16,0,15.5,0
2017-08-17,0,15.8,0
2017-08-18,0,16.3,0
2017-08-19,0,14.3,0
2017-08-20,0,14.7,0
2017-08-21,0,17.4,0
2017-08-22,0,17.3,0
2017-08-23,0,16.4,0
2017-08-24,0,13,0
2017-08-25,0,13.7,0
2017-08-26,0,17.2,0
2017-08-27,0,20.4,0
2017-08-28,0,21.3,0
2017-08-29,0,19.8,0
2017-08-30,0,15,0
2017-08-31,0,15.8,0
2017-09-01,0,20.5,0
2017-09-02,0,22.4,0
2017-09-03,0,21.9,0
2017-09-04,0,20.3,0
2017-09-05,0,21,0
2017-09-06,0,18.1,0
2017-09-07,0,15.8,2.5
2017-09-08,0,14,0
2017-09-09,0,13.4,0
2017-09-10,0,15.3,0
2017-09-11,0,18.9,0
2017-09-12,0,18.6,0
2017-09-13,0,13.2,0
2017-09-14,0,9.8,0
2017-09-15,0,9.7,0
2017-09-16,0,10.7,0
2017-09-17,0,8.4,2.5
2017-09-18,0,3.8,30.5
2017-09-19,2.5,3.2,33
2017-09-20,2.5,2.5,25.4
2017-09-21,2.5,2.3,2.5
2017-09-22,0,4.4,2.5
2017-09-23,0,6,0
2017-09-24,0,7.9,0
2017-09-25,0,9,2.5
2017-09-26,0,10.6,0
2017-09-27,0,12.6,0
2017-09-28,0,13.8,0
2017-09-29,0,9.1,0
2017-09-30,0,4.4,2.5
2017-10-01,0,3.8,0
2017-10-02,0,3.3,2.5
2017-10-03,0,4.5,0
2017-10-04,0,5.9,0
2017-10-05,0,6.7,0
2017-10-06,0,9.6,2.5
2017-10-07,0,4.1,0
2017-10-08,0,3.9,7.6
2017-10-09,0,6.3,0
2017-10-10,0,5.4,2.5
2017-10-11,0,0.2,7.6
2017-10-12,2.5,0.5,45.7
2017-10-13,48.3,0,12.7
2017-10-14,63.5,1.3,0
2017-10-15,58.4,5.7,0
2017-10-16,53.3,10.6,0
2017-10-17,45.7,9.1,2.5
2017-10-18,22.9,9.4,2.5
2017-10-19,0,5.2,20.3
2017-10-20,12.7,0.4,22.9
2017-10-21,33,4,43.2
2017-10-22,20.3,6.1,27.9
2017-10-23,0,7.7,0
2017-10-24,0,9.3,0
2017-10-25,0,11.3,0
2017-10-26,0,7.8,0
2017-10-27,0,7.5,0
2017-10-28,0,11.3,0
2017-10-29,0,8.5,0
2017-10-30,0,1.8,0
2017-10-31,0,7.8,0
2017-11-01,0,4.9,0
2017-11-02,0,1.5,17.8
2017-11-03,7.6,-1.9,2.5
2017-11-04,12.7,-2.1,5.1
2017-11-05,15.2,-1.3,25.4
2017-11-06,45.7,-1.5,2.5
2017-11-07,45.7,-2.4,0
2017-11-08,45.7,-1.6,5.1
2017-11-09,48.3,0.5,20.3
2017-11-10,66,1.4,15.2
2017-11-11,76.2,3.5,2.5
2017-11-12,71.1,4.7,0
2017-11-13,71.1,0.9,27.9
2017-11-14,99.1,0.7,10.2
2017-11-15,104.1,1.8,15.2
2017-11-16,119.4,-0.9,20.3
2017-11-17,142.2,-1.4,15.2
2017-11-18,152.4,-1,0
2017-11-19,149.9,2.5,5.1
2017-11-20,154.9,5.2,38.1
2017-11-21,137.2,8.9,5.1
2017-11-22,99.1,10.2,12.7
2017-11-23,58.4,6.5,40.6
2017-11-24,2.5,0.8,0
2017-11-25,0,4.6,2.5
2017-11-26,2.5,5,17.8
2017-11-27,12.7,0.1,10.2
2017-11-28,15.2,0,2.5
2017-11-29,27.9,-0.1,2.5
2017-11-30,27.9,1.1,5.1
2017-12-01,30.5,1.3,0
2017-12-02,30.5,-0.2,5.1
2017-12-03,40.6,-2.1,5.1
2017-12-04,45.7,-2.2,0
2017-12-05,43.2,-1.3,0
2017-12-06,45.7,-2,0
2017-12-07,45.7,-1.5,0
2017-12-08,45.7,-0.4,0
2017-12-09,45.7,-1,0
2017-12-10,50.8,-3.1,0
2017-12-11,50.8,-3.4,0
2017-12-12,50.8,5.8,0
2017-12-13,55.9,1.1,0
2017-12-14,53.3,0.2,0
2017-12-15,53.3,2.9,5.1
2017-12-16,58.4,-2,0
2017-12-17,58.4,1.6,5.1
2017-12-18,58.4,2.9,0
2017-12-19,61,1.2,27.9
2017-12-20,88.9,-3.7,2.5
2017-12-21,96.5,-3.1,0
2017-12-22,96.5,-1.4,7.6
2017-12-23,104.1,-4.8,7.6
2017-12-24,111.8,-4.3,10.2
2017-12-25,121.9,-1.3,0
2017-12-26,121.9,-2.3,2.5
2017-12-27,124.5,1.7,2.5
2017-12-28,121.9,2.7,20.3
2017-12-29,124.5,4.9,20.3
2017-12-30,91.4,-0.2,0
2017-12-31,88.9,-0.7,0
2018-01-01,86.4,2.3,0
2018-01-02,86.4,-4.8,0
2018-01-03,86.4,-3,0
2018-01-04,94,-0.3,2.5
2018-01-05,94,3,12.7
2018-01-06,91.4,0.4,0
2018-01-07,94,2.8,0
2018-01-08,94,3.6,5.1
2018-01-09,88.9,1.9,12.7
2018-01-10,86.4,-0.2,5.1
2018-01-11,88.9,2.4,40.6
2018-01-12,99.1,2.4,2.5
2018-01-13,94,6.6,0
2018-01-14,88.9,2.9,0
2018-01-15,86.4,-0.2,0
2018-01-16,86.4,2.6,5.1
2018-01-17,88.9,6.8,15.2
2018-01-18,81.3,-0.2,22.9
2018-01-19,104.1,-2,10.2
2018-01-20,114.3,-1.7,5.1
2018-01-21,116.8,-0.5,10.2
2018-01-22,132.1,-1.4,2.5
2018-01-23,137.2,0.4,20.3
2018-01-24,157.5,0.6,12.7
2018-01-25,172.7,-2.6,15.2
2018-01-26,198.1,-2.3,12.7
2018-01-27,210.8,1.5,35.6
2018-01-28,243.8,6.5,0
2018-01-29,228.6,6.8,7.6
2018-01-30,236.2,-1,7.6
2018-01-31,236.2,-1.6,0
2018-02-01,236.2,3.3,5.1
2018-02-02,231.1,5.6,7.6
2018-02-03,190.5,4.8,0
2018-02-04,167.6,5.7,0
2018-02-05,137.2,3.1,0
2018-02-06,121.9,3.1,0
2018-02-07,116.8,7,0
2018-02-08,106.7,7.2,0
2018-02-09,106.7,1.6,0
2018-02-10,99.1,-1.3,0
2018-02-11,91.4,-1,0
2018-02-12,91.4,-6,0
2018-02-13,91.4,2.1,5.1
2018-02-14,96.5,-2,2.5
2018-02-15,127,-2.4,2.5
2018-02-16,127,-1.6,5.1
2018-02-17,134.6,0.4,20.3
2018-02-18,152.4,-5.3,20.3
2018-02-19,172.7,-9.2,0
2018-02-20,172.7,-6.3,10.2
2018-02-21,182.9,-7.3,0
2018-02-22,185.4,-8.5,0
2018-02-23,185.4,-9.8,0
2018-02-24,193,-3.6,15.2
2018-02-25,203.2,-2.7,43.2
2018-02-26,251.5,-6.1,0
2018-02-27,246.4,-4.8,0
2018-02-28,254,-0.7,10.2
2018-03-01,276.9,-1.8,12.7
2018-03-02,294.6,-3.4,0
2018-03-03,294.6,-3.4,0
2018-03-04,294.6,-2.5,5.1
2018-03-05,297.2,-1.6,0
2018-03-06,297.2,-0.2,0
2018-03-07,297.2,2.3,5.1
2018-03-08,297.2,2.1,22.9
2018-03-09,327.7,1.1,7.6
2018-03-10,332.7,1.8,2.5
2018-03-11,327.7,3.7,0
2018-03-12,322.6,4.9,0
2018-03-13,315,3.3,2.5
2018-03-14,312.4,-0.7,2.5
2018-03-15,317.5,-1.4,5.1
2018-03-16,322.6,-0.9,17.8
2018-03-17,335.3,-1.2,7.6
2018-03-18,348,-1,0
2018-03-19,345.4,-0.2,0
2018-03-20,342.9,2.9,5.1
2018-03-21,340.4,3.5,10.2
2018-03-22,342.9,-0.8,0
2018-03-23,340.4,-2.4,30.5
2018-03-24,373.4,-2.4,10.2
2018-03-25,381,-2.4,5.1
2018-03-26,386.1,-1.5,2.5
2018-03-27,386.1,1.5,2.5
2018-03-28,383.5,3.4,0
2018-03-29,370.8,5.2,0
2018-03-30,358.1,5.9,0
2018-03-31,348,3.9,0
2018-04-01,342.9,1,5.1
2018-04-02,350.5,-3.4,0
2018-04-03,353.1,1.4,5.1
2018-04-04,350.5,3.8,5.1
2018-04-05,348,5.2,17.8
2018-04-06,337.8,7,2.5
2018-04-07,315,3.5,25.4
2018-04-08,320,0.7,15.2
2018-04-09,332.7,6,2.5
2018-04-10,322.6,4.3,7.6
2018-04-11,307.3,1.2,7.6
2018-04-12,309.9,-1.9,15.2
2018-04-13,327.7,0.8,5.1
2018-04-14,330.2,2.7,0
2018-04-15,322.6,1.2,10.2
2018-04-16,322.6,-1.6,7.6
2018-04-17,335.3,-0.9,5.1
2018-04-18,337.8,1.1,2.5
2018-04-19,337.8,3.8,0
2018-04-20,330.2,5.8,0
2018-04-21,312.4,3,0
2018-04-22,302.3,3.9,0
2018-04-23,287,5.5,0
2018-04-24,266.7,8.6,0
2018-04-25,238.8,13.3,0
2018-04-26,210.8,13.1,0
2018-04-27,170.2,4.4,2.5
2018-04-28,149.9,2.1,0
2018-04-29,139.7,1.9,10.2
2018-04-30,132.1,1,2.5
2018-05-01,121.9,2.8,0
2018-05-02,104.1,8.1,0
2018-05-03,81.3,10.3,0
2018-05-04,38.1,10.5,0
2018-05-05,7.6,12.1,0
2018-05-06,0,9.4,0
2018-05-07,0,11,0
2018-05-08,0,11.9,2.5
2018-05-09,0,6.9,5.1
2018-05-10,0,3.5,2.5
2018-05-11,0,3.3,0
2018-05-12,0,10.1,0
2018-05-13,0,13.1,0
2018-05-14,0,14.5,0
2018-05-15,0,14.3,2.5
2018-05-16,0,8,0
2018-05-17,0,9.7,0
2018-05-18,0,9.8,0
2018-05-19,0,10.4,0
2018-05-20,0,8.7,0
2018-05-21,0,11.4,0
2018-05-22,0,14.8,0
2018-05-23,0,12.7,5.1
2018-05-24,0,12.6,0
2018-05-25,0,8.2,7.6
2018-05-26,0,5,0
2018-05-27,0,10.9,0
2018-05-28,0,12,0
2018-05-29,0,7.2,0
2018-05-30,0,6.2,0
2018-05-31,0,4,0
2018-06-01,0,7.8,0
2018-06-02,0,12.8,2.5
2018-06-03,0,12.3,0
2018-06-04,0,7.1,0
2018-06-05,0,8.7,0
2018-06-06,0,11.6,0
2018-06-07,0,10.3,0
2018-06-08,0,8.9,5.1
2018-06-09,0,2.4,15.2
2018-06-10,0,2.8,7.6
2018-06-11,0,8.3,2.5
2018-06-12,0,12.3,2.5
2018-06-13,0,8.1,0
2018-06-14,0,8.3,0
2018-06-15,0,8.1,0
2018-06-16,0,8.4,2.5
2018-06-17,0,11.9,0
2018-06-18,0,12.7,0
2018-06-19,0,15.7,0
2018-06-20,0,15.4,0
2018-06-21,0,14.1,0
2018-06-22,0,11.6,0
2018-06-23,0,12.1,0
2018-06-24,0,16.5,0
2018-06-25,0,9.7,0
2018-06-26,0,11.7,0
2018-06-27,0,11.1,0
2018-06-28,0,9.4,0
2018-06-29,0,11.3,0
2018-06-30,0,13.1,0
2018-07-01,0,12.5,0
2018-07-02,0,8.2,0
2018-07-03,0,10.4,0
2018-07-04,0,14.8,0
2018-07-05,0,15.9,0
2018-07-06,0,13.4,0
2018-07-07,0,13.4,0
2018-07-08,0,14.7,0
2018-07-09,0,14,0
2018-07-10,0,12.4,0
2018-07-11,0,14.9,0
2018-07-12,0,19.1,0
2018-07-13,0,19.7,0
2018-07-14,0,19.6,0
2018-07-15,0,20.7,0
2018-07-16,0,20.6,0
2018-07-17,0,18.8,0
2018-07-18,0,16.1,0
2018-07-19,0,14.4,0
2018-07-20,0,13.8,0
2018-07-21,0,13.6,0
2018-07-22,0,16.7,0
2018-07-23,0,18.5,0
2018-07-24,0,19.6,0
2018-07-25,0,20.3,0
2018-07-26,0,19.7,0
2018-07-27,0,18.6,0
2018-07-28,0,18,0
2018-07-29,0,20.4,0
2018-07-30,0,21.3,0
2018-07-31,0,18.3,0
2018-08-01,0,17,0
2018-08-02,0,13.9,0
2018-08-03,0,12.1,0
2018-08-04,0,14,0
2018-08-05,0,15.5,0
2018-08-06,0,21.5,0
2018-08-07,0,20.7,0
2018-08-08,0,22.7,0
2018-08-09,0,22,0
2018-08-10,0,19.1,0
2018-08-11,0,11.5,0
2018-08-12,0,14.1,0
2018-08-13,0,16.6,0
2018-08-14,0,18.9,0
2018-08-15,0,19.5,0
2018-08-16,0,18.2,0
2018-08-17,0,14.6,0
2018-08-18,0,17,0
2018-08-19,0,16.6,0
2018-08-20,0,16.3,0
2018-08-21,0,15.2,0
2018-08-22,0,16.9,0
2018-08-23,0,13.9,2.5
2018-08-24,0,10.1,5.1
2018-08-25,0,10.3,0
2018-08-26,0,8.4,0
2018-08-27,0,11.2,2.5
2018-08-28,0,13.8,0
2018-08-29,0,14.7,0
2018-08-30,0,11.2,0
2018-08-31,0,10.9,0
2018-09-01,0,11.8,0
2018-09-02,0,15,0
2018-09-03,0,13.7,0
2018-09-04,0,13.3,0
2018-09-05,0,16.1,0
2018-09-06,0,15.8,0
2018-09-07,0,15.7,0
2018-09-08,0,10.6,2.5
2018-09-09,0,12.1,0
2018-09-10,0,8.2,2.5
2018-09-11,0,7,2.5
2018-09-12,0,6.5,0
2018-09-13,0,6.8,2.5
2018-09-14,0,7,0
2018-09-15,0,6.4,0
2018-09-16,0,5.8,0
2018-09-17,0,7.8,0
2018-09-18,0,8.6,0
2018-09-19,0,8,0
2018-09-20,0,9.2,0
2018-09-21,0,12.2,0
2018-09-22,0,7.7,2.5
2018-09-23,0,5.7,0
2018-09-24,0,7.4,0
2018-09-25,0,11.3,0
2018-09-26,0,14.7,0
2018-09-27,0,16.4,0
2018-09-28,0,14.3,0
2018-09-29,0,9.2,0
2018-09-30,0,7.6,0
2018-10-01,0,8.5,0
2018-10-02,0,8.5,2.5
2018-10-03,0,7.2,0
2018-10-04,0,5.4,0
2018-10-05,0,4,7.6
2018-10-06,2.5,5.8,17.8
2018-10-07,0,4.2,0
2018-10-08,0,7.2,0
2018-10-09,0,5.5,7.6
2018-10-10,0,4.3,0
2018-10-11,0,4.7,0
2018-10-12,0,9.6,0
2018-10-13,0,6.1,0
2018-10-14,0,4.5,0
2018-10-15,0,8.4,0
2018-10-16,0,9.6,0
2018-10-17,0,8.7,0
2018-10-18,0,10.9,0
2018-10-19,0,12,0
2018-10-20,0,11.9,0
2018-10-21,0,10.5,0
2018-10-22,0,9.1,0
2018-10-23,0,7,0
2018-10-24,0,6.4,0
2018-10-25,0,8.8,0
2018-10-26,0,8.2,17.8
2018-10-27,0,8.1,0
2018-10-28,0,3.9,40.6
2018-10-29,10.2,1.8,12.7
2018-10-30,0,3.4,2.5
2018-10-31,0,5.6,17.8
2018-11-01,0,8.6,7.6
2018-11-02,0,6.2,7.6
2018-11-03,0,5.6,0
2018-11-04,0,4.6,7.6
2018-11-05,0,2.1,20.3
2018-11-06,0,1.2,5.1
2018-11-07,0,0.6,0
2018-11-08,0,1.9,0
2018-11-09,0,3.9,0
2018-11-10,0,0.4,0
2018-11-11,0,0.2,0
2018-11-12,0,0.7,0
2018-11-13,0,6.2,0
2018-11-14,0,6.2,0
2018-11-15,0,5.1,0
2018-11-16,0,6.2,0
2018-11-17,0,0.9,0
2018-11-18,0,0.8,0
2018-11-19,0,1.3,0
2018-11-20,0,2,0
2018-11-21,0,3.8,2.5
2018-11-22,0,1.5,17.8
2018-11-23,30.5,0.7,25.4
2018-11-24,55.9,-0.2,5.1
2018-11-25,53.3,0.5,0
2018-11-26,53.3,6.8,0
2018-11-27,50.8,3.5,48.3
2018-11-28,55.9,1.6,17.8
2018-11-29,58.4,0.7,2.5
2018-11-30,61,-0.7,12.7
2018-12-01,76.2,-1.6,10.2
2018-12-02,86.4,-3,2.5
2018-12-03,83.8,-4.4,0
2018-12-04,83.8,-5.4,0
2018-12-05,81.3,-6.9,0
2018-12-06,83.8,-8.1,0
2018-12-07,83.8,-5.9,0
2018-12-08,86.4,-1.6,2.5
2018-12-09,88.9,-1.2,0
2018-12-10,91.4,0.4,7.6
2018-12-11,94,1.3,22.9
2018-12-12,104.1,-1,5.1
2018-12-13,109.2,3.5,0
2018-12-14,109.2,3,10.2
2018-12-15,114.3,0,0
2018-12-16,114.3,3.8,5.1
2018-12-17,114.3,1.6,15.2
2018-12-18,129.5,2.6,61
2018-12-19,137.2,2.9,2.5
2018-12-20,137.2,3,25.4
2018-12-21,154.9,-3.3,7.6
2018-12-22,149.9,-2.3,5.1
2018-12-23,160,0.9,35.6
2018-12-24,205.7,0.1,15.2
2018-12-25,215.9,-2.2,0
2018-12-26,215.9,-1.9,12.7
2018-12-27,233.7,-2.2,7.6
2018-12-28,238.8,-1.5,0
2018-12-29,241.3,1.3,10.2
2018-12-30,251.5,-1.6,15.2
2018-12-31,256.5,-4.9,0
2019-01-01,256.5,-1.7,0
2019-01-02,254,3.4,0
2019-01-03,251.5,5.1,0
2019-01-04,251.5,2.8,0
2019-01-05,256.5,1.5,2.5
2019-01-06,256.5,-2.2,27.9
2019-01-07,294.6,-2.3,10.2
2019-01-08,299.7,-1.1,7.6
2019-01-09,309.9,2.2,10.2
2019-01-10,309.9,3.1,5.1
2019-01-11,309.9,1.7,0
2019-01-12,307.3,0.4,2.5
2019-01-13,309.9,-3,0
2019-01-14,302.3,-5.3,0
2019-01-15,304.8,-4.7,0
2019-01-16,302.3,-2,7.6
2019-01-17,309.9,0.6,5.1
2019-01-18,315,1.4,25.4
2019-01-19,327.7,2.7,27.9
2019-01-20,322.6,-0.5,17.8
2019-01-21,335.3,-2.7,0
2019-01-22,332.7,-0.7,2.5
2019-01-23,337.8,2.3,10.2
2019-01-24,337.8,2.2,0
2019-01-25,337.8,4.5,0
2019-01-26,335.3,7.3,0
2019-01-27,330.2,8,0
2019-01-28,332.7,0.2,0
2019-01-29,330.2,-2.7,0
2019-01-30,332.7,5.2,0
2019-01-31,327.7,6.4,0
2019-02-01,320,4.3,5.1
2019-02-02,325.1,2.9,10.2
2019-02-03,325.1,-1.4,10.2
2019-02-04,325.1,-4.7,10.2
2019-02-05,332.7,-5.9,2.5
2019-02-06,335.3,-7,0
2019-02-07,332.7,-6.4,0
2019-02-08,332.7,-3,7.6
2019-02-09,340.4,-6.5,25.4
2019-02-10,355.6,-8.1,2.5
2019-02-11,365.8,-1.7,20.3
2019-02-12,391.2,-0.4,20.3
2019-02-13,414,0.1,10.2
2019-02-14,421.6,-1.7,17.8
2019-02-15,439.4,-2.1,7.6
2019-02-16,447,-3.2,12.7
2019-02-17,459.7,-4.4,0
2019-02-18,457.2,-5.7,2.5
2019-02-19,454.7,-3.6,7.6
2019-02-20,462.3,-4.1,10.2
2019-02-21,464.8,-6.5,0
2019-02-22,462.3,-5.5,5.1
2019-02-23,462.3,-1.6,25.4
2019-02-24,487.7,-2.1,55.9
2019-02-25,543.6,-6.9,30.5
2019-02-26,581.7,-10.5,0
2019-02-27,579.1,-8.6,0
2019-02-28,574,-5.3,0
2019-03-01,574,-2,0
2019-03-02,576.6,-6,0
2019-03-03,576.6,-10.5,0
2019-03-04,579.1,-11.1,2.5
2019-03-05,576.6,-8.4,0
2019-03-06,576.6,-4,7.6
2019-03-07,584.2,-3.8,5.1
2019-03-08,581.7,-4.4,2.5
2019-03-09,581.7,-4.4,7.6
2019-03-10,579.1,-5.9,0
2019-03-11,571.5,0.6,0
2019-03-12,571.5,-1.9,10.2
2019-03-13,581.7,-2.5,0
2019-03-14,586.7,0.8,0
2019-03-15,589.3,3.6,0
2019-03-16,586.7,4.2,0
2019-03-17,584.2,3.9,0
2019-03-18,584.2,1.4,0
2019-03-19,581.7,3.9,0
2019-03-20,576.6,4.4,0
2019-03-21,576.6,2.2,5.1
2019-03-22,581.7,2.8,7.6
2019-03-23,586.7,1.3,10.2
2019-03-24,596.9,2.4,0
2019-03-25,599.4,2.2,2.5
2019-03-26,604.5,1.7,0
2019-03-27,607.1,0.7,15.2
2019-03-28,619.8,1.9,5.1
2019-03-29,624.8,1.8,2.5
2019-03-30,624.8,4.2,0
2019-03-31,614.7,6.2,0
2019-04-01,599.4,4.5,2.5
2019-04-02,591.8,4.7,7.6
2019-04-03,574,3.7,12.7
2019-04-04,561.3,3.8,7.6
2019-04-05,548.6,2.3,12.7
2019-04-06,553.7,1.9,25.4
2019-04-07,569,4.5,63.5
2019-04-08,546.1,3.5,25.4
2019-04-09,518.2,0.1,5.1
2019-04-10,525.8,0.3,7.6
2019-04-11,543.6,0.8,7.6
2019-04-12,553.7,2.1,7.6
2019-04-13,548.6,1.7,7.6
2019-04-14,556.3,-0.7,2.5
2019-04-15,558.8,0.8,5.1
2019-04-16,563.9,2.8,0
2019-04-17,541,5.6,0
2019-04-18,518.2,11,0
2019-04-19,492.8,9.1,0
2019-04-20,462.3,4,5.1
2019-04-21,431.8,4.5,0
2019-04-22,408.9,7.7,0
2019-04-23,381,7.6,2.5
2019-04-24,342.9,8.3,0
2019-04-25,307.3,8.8,2.5
2019-04-26,292.1,6.1,0
2019-04-27,269.2,2.1,0
2019-04-28,251.5,1.9,0
2019-04-29,238.8,2.9,0
2019-04-30,218.4,3.6,0
2019-05-01,203.2,4.3,0
2019-05-02,177.8,4.9,0
2019-05-03,165.1,8.1,0
2019-05-04,129.5,9.8,0
2019-05-05,99.1,9.8,0
2019-05-06,53.3,11.1,0
2019-05-07,15.2,10.6,0
2019-05-08,2.5,10.9,0
2019-05-09,0,10.9,0
2019-05-10,0,13.6,0
2019-05-11,0,13.7,0
2019-05-12,0,11.6,0
2019-05-13,0,9.7,0
2019-05-14,0,5.8,0
2019-05-15,0,6.5,0
2019-05-16,0,6.2,10.2
2019-05-17,0,3.6,5.1
2019-05-18,0,6.5,0
2019-05-19,0,4.1,20.3
2019-05-20,0,4,0
2019-05-21,0,4,5.1
2019-05-22,0,7.1,0
2019-05-23,0,10.3,0
2019-05-24,0,5.4,10.2
2019-05-25,0,2,12.7
2019-05-26,2.5,6.7,0
2019-05-27,0,8.2,0
2019-05-28,0,10,0
2019-05-29,0,10.8,0
2019-05-30,0,10.9,0
2019-05-31,0,13.6,0
2019-06-01,0,14.9,0
2019-06-02,0,15,0
2019-06-03,0,12.1,0
2019-06-04,0,12.3,0
2019-06-05,0,11.2,2.5
2019-06-06,0,4.4,5.1
2019-06-07,0,1.9,0
2019-06-08,0,7,0
2019-06-09,0,12.9,0
2019-06-10,0,16.8,0
2019-06-11,0,17.6,0
2019-06-12,0,19.7,0
2019-06-13,0,16.8,0
2019-06-14,0,13,0
2019-06-15,0,14.5,0
2019-06-16,0,14.7,0
2019-06-17,0,14,0
2019-06-18,0,12.5,2.5
2019-06-19,0,8.6,7.6
2019-06-20,0,4.3,0
2019-06-21,0,6.4,0
2019-06-22,0,10.2,0
2019-06-23,0,9.4,0
2019-06-24,0,9.8,0
2019-06-25,0,10.1,0
2019-06-26,0,7.2,25.4
2019-06-27,0,5,5.1
2019-06-28,0,8,0
2019-06-29,0,10,0
2019-06-30,0,12.4,0
2019-07-01,0,10.2,0
2019-07-02,0,8.5,0
2019-07-03,0,9.7,0
2019-07-04,0,13,0
2019-07-05,0,14,0
2019-07-06,0,11.1,0
2019-07-07,0,10.6,0
2019-07-08,0,11.7,0
2019-07-09,0,13.1,0
2019-07-10,0,14.2,0
2019-07-11,0,14,0
2019-07-12,0,14.9,0
2019-07-13,0,13.4,0
2019-07-14,0,14.3,0
2019-07-15,0,12.4,0
2019-07-16,0,12.7,0
2019-07-17,0,12.1,0
2019-07-18,0,10.8,2.5
2019-07-19,0,10.8,0
2019-07-20,0,14.1,0
2019-07-21,0,16.9,0
2019-07-22,0,16.5,0
2019-07-23,0,14.4,0
2019-07-24,0,13.9,0
2019-07-25,0,17.7,0
2019-07-26,0,17.8,0
2019-07-27,0,14.3,0
2019-07-28,0,15.4,0
2019-07-29,0,14.6,0
2019-07-30,0,13.5,0
2019-07-31,0,15,0
2019-08-01,0,16.1,0
2019-08-02,0,14.8,0
2019-08-03,0,16.7,0
2019-08-04,0,18.2,0
2019-08-05,0,19.3,0
2019-08-06,0,19.2,0
2019-08-07,0,18.7,0
2019-08-08,0,13.6,0
2019-08-09,0,12.6,2.5
2019-08-10,0,10.3,0
2019-08-11,0,9.1,2.5
2019-08-12,0,12.4,0
2019-08-13,0,15.2,0
2019-08-14,0,16.2,0
2019-08-15,0,14.6,0
2019-08-16,0,13.2,0
2019-08-17,0,12.7,0
2019-08-18,0,15.5,0
2019-08-19,0,15.9,0
2019-08-20,0,16.7,0
2019-08-21,0,11.9,7.6
2019-08-22,0,12.4,2.5
2019-08-23,0,15.3,0
2019-08-24,0,14.5,0
2019-08-25,0,13.5,0
2019-08-26,0,14.3,0
2019-08-27,0,17.4,0
2019-08-28,0,20.5,0
2019-08-29,0,17.3,0
2019-08-30,0,16.2,0
2019-08-31,0,16.4,0
2019-09-01,0,14.4,0
2019-09-02,0,14.7,0
2019-09-03,0,15.4,0
2019-09-04,0,16.7,0
2019-09-05,0,17.3,0
2019-09-06,0,14.9,2.5
2019-09-07,0,13.8,2.5
2019-09-08,0,8.4,17.8
2019-09-09,0,7.8,15.2
2019-09-10,0,8,2.5
2019-09-11,0,9.5,0
2019-09-12,0,13,0
2019-09-13,0,12.3,0
2019-09-14,0,13.5,0
2019-09-15,0,8.4,20.3
2019-09-16,0,5.7,12.7
2019-09-17,0,6.5,20.3
2019-09-18,0,6.2,7.6
2019-09-19,0,6.7,0
2019-09-20,0,7.3,0
2019-09-21,0,10.6,0
2019-09-22,0,9.2,7.6
2019-09-23,0,8.9,0
2019-09-24,0,10.9,0
2019-09-25,0,11.3,0
2019-09-26,0,10.5,2.5
2019-09-27,0,5.9,5.1
2019-09-28,0,0.7,15.2
2019-09-29,0,0.1,5.1
2019-09-30,0,-0.2,0
2019-10-01,0,1.1,0
2019-10-02,0,4.6,0
2019-10-03,0,3.8,5.1
2019-10-04,0,3.1,2.5
2019-10-05,0,5,0
2019-10-06,0,7.1,0
2019-10-07,0,10.1,0
2019-10-08,0,3.1,12.7
2019-10-09,2.5,-0.2,2.5
2019-10-10,0,1,0
2019-10-11,0,3.5,0
2019-10-12,0,7,0
2019-10-13,0,6.6,0
2019-10-14,0,5.3,0
2019-10-15,0,9.7,0
2019-10-16,0,8.1,7.6
2019-10-17,0,2.8,20.3
2019-10-18,0,2.6,7.6
2019-10-19,2.5,1.4,27.9
2019-10-20,20.3,3.1,15.2
2019-10-21,2.5,5.6,0
2019-10-22,0,8,0
2019-10-23,0,6.3,0
2019-10-24,0,9.5,0
2019-10-25,0,9.1,0
2019-10-26,0,0.2,0
2019-10-27,0,-0.6,0
2019-10-28,0,1.1,5.1
2019-10-29,0,-6.9,0
2019-10-30,2.5,-1.9,0
2019-10-31,2.5,6,2.5
2019-11-01,5.1,3,0
2019-11-02,2.5,6.8,0
2019-11-03,2.5,8.9,0
2019-11-04,0,9.4,0
2019-11-05,0,11.1,0
2019-11-06,0,5,0
2019-11-07,0,3.9,0
2019-11-08,0,11,0
2019-11-09,0,10.3,0
2019-11-10,0,8.5,0
2019-11-11,0,4.3,0
2019-11-12,0,8.1,0
2019-11-13,0,6.1,0
2019-11-14,0,5.2,0
2019-11-15,0,5.5,7.6
2019-11-16,0,5.6,0
2019-11-17,0,8.9,0
2019-11-18,0,6.8,5.1
2019-11-19,0,2.4,12.7
2019-11-20,0,-0.2,0
2019-11-21,2.5,0,0
2019-11-22,0,2.9,0
2019-11-23,2.5,4.8,0
2019-11-24,5.1,1.7,2.5
2019-11-25,2.5,-2,12.7
2019-11-26,17.8,-3.6,17.8
2019-11-27,33,-5.5,10.2
2019-11-28,45.7,-7.5,0
2019-11-29,43.2,-7.2,0
2019-11-30,40.6,-6.7,10.2
2019-12-01,48.3,-2.6,2.5
2019-12-02,50.8,1,0
2019-12-03,50.8,4.2,0
2019-12-04,50.8,2.5,0
2019-12-05,50.8,3.6,0
2019-12-06,50.8,1.5,2.5
2019-12-07,55.9,3.6,5.1
2019-12-08,58.4,2.2,0
2019-12-09,50.8,0.8,0
2019-12-10,48.3,2.4,7.6
2019-12-11,55.9,2.3,20.3
2019-12-12,63.5,1.7,27.9
2019-12-13,76.2,0.2,5.1
2019-12-14,81.3,-2.3,0
2019-12-15,81.3,-3.6,0
2019-12-16,81.3,-1.4,0
2019-12-17,83.8,-4.5,0
2019-12-18,83.8,-1.6,7.6
2019-12-19,101.6,2.6,40.6
2019-12-20,101.6,5.7,5.1
2019-12-21,81.3,3.7,2.5
2019-12-22,78.7,1,5.1
2019-12-23,81.3,-2.9,0
2019-12-24,81.3,-3.8,2.5
2019-12-25,83.8,-2.8,2.5
2019-12-26,86.4,-3.5,0
2019-12-27,86.4,-1.8,0
2019-12-28,88.9,1.7,2.5
2019-12-29,91.4,0.4,0
2019-12-30,99.1,-0.7,0
2019-12-31,99.1,3.1,22.9
2020-01-01,96.5,2.1,30.5
2020-01-02,91.4,0.4,0
2020-01-03,91.4,5.6,0
2020-01-04,86.4,-1.6,15.2
2020-01-05,104.1,-1.7,12.7
2020-01-06,116.8,0.3,15.2
2020-01-07,132.1,1.4,7.6
2020-01-08,139.7,-1.3,10.2
2020-01-09,152.4,-3.4,7.6
2020-01-10,152.4,-1,17.8
2020-01-11,182.9,-2,20.3
2020-01-12,188,-2.5,35.6
2020-01-13,223.5,-3.3,10.2
2020-01-14,233.7,-5.9,2.5
2020-01-15,236.2,-3.2,12.7
2020-01-16,246.4,-3.2,2.5
2020-01-17,251.5,-3.1,15.2
2020-01-18,261.6,1.3,5.1
2020-01-19,269.2,3,0
2020-01-20,266.7,2.4,2.5
2020-01-21,269.2,0.2,12.7
2020-01-22,287,1.6,12.7
2020-01-23,294.6,4.4,10.2
2020-01-24,292.1,2.1,10.2
2020-01-25,287,4.1,7.6
2020-01-26,287,1.7,15.2
2020-01-27,287,1.1,17.8
2020-01-28,309.9,0.8,27.9
2020-01-29,332.7,1.2,12.7
2020-01-30,342.9,3.4,0
2020-01-31,340.4,5.9,5.1
2020-02-01,309.9,2.6,20.3
2020-02-02,309.9,-4.6,0
2020-02-03,309.9,-5.8,2.5
2020-02-04,315,-4.9,5.1
2020-02-05,320,0.9,10.2
2020-02-06,332.7,2.7,12.7
2020-02-07,317.5,1.9,7.6
2020-02-08,320,-2.4,7.6
2020-02-09,325.1,-1.9,0
2020-02-10,330.2,-0.2,0
2020-02-11,332.7,2.3,0
2020-02-12,325.1,1.9,0
2020-02-13,335.3,2.3,2.5
2020-02-14,320,-1.6,2.5
2020-02-15,320,-0.5,10.2
2020-02-16,332.7,-1.1,10.2
2020-02-17,345.4,-3.3,0
2020-02-18,350.5,-3.5,5.1
2020-02-19,358.1,-2,0
2020-02-20,355.6,-0.6,0
2020-02-21,342.9,3.2,0
2020-02-22,330.2,3.5,0
2020-02-23,315,-0.8,10.2
2020-02-24,325.1,-2.6,0
2020-02-25,335.3,3.2,0
2020-02-26,330.2,4,0
2020-02-27,325.1,5.5,0
2020-02-28,342.9,5.2,5.1
2020-02-29,350.5,-2.8,2.5
2020-03-01,368.3,-2.8,0
2020-03-02,375.9,-0.9,2.5
2020-03-03,378.5,3.3,0
2020-03-04,370.8,3.5,0
2020-03-05,365.8,5.8,0
2020-03-06,363.2,2.1,2.5
2020-03-07,355.6,-1.6,5.1
2020-03-08,360.7,-1.8,0
2020-03-09,360.7,-0.3,0
2020-03-10,375.9,3,0
2020-03-11,368.3,2.9,0
2020-03-12,365.8,2.1,0
2020-03-13,363.2,0,10.2
2020-03-14,370.8,-4.8,12.7
2020-03-15,381,-8.7,5.1
2020-03-16,378.5,-3.9,0
2020-03-17,381,1.5,0
2020-03-18,375.9,0.5,0
2020-03-19,378.5,2.8,0
2020-03-20,375.9,5.3,0
2020-03-21,363.2,4.5,0
2020-03-22,355.6,4.9,0
2020-03-23,345.4,-0.6,5.1
2020-03-24,350.5,-2,10.2
2020-03-25,363.2,-2.8,5.1
2020-03-26,368.3,-2.1,2.5
2020-03-27,370.8,-0.5,2.5
2020-03-28,370.8,1.4,5.1
2020-03-29,375.9,1.4,15.2
2020-03-30,386.1,0.1,40.6
2020-03-31,442,-2,22.9
2020-04-01,477.5,-2.5,2.5
2020-04-02,469.9,-2.1,7.6
2020-04-03,452.1,-2.5,0
2020-04-04,431.8,-1.5,2.5
2020-04-05,406.4,1.9,2.5
2020-04-06,393.7,3.1,0
2020-04-07,375.9,5.4,0
2020-04-08,350.5,6.7,0
2020-04-09,337.8,9.2,0
2020-04-10,330.2,8,0
2020-04-11,337.8,5,0
2020-04-12,330.2,3.5,0
2020-04-13,332.7,3.3,0
2020-04-14,327.7,5.8,0
2020-04-15,309.9,4.2,0
2020-04-16,284.5,4.1,0
2020-04-17,274.3,7.8,0
2020-04-18,256.5,3.4,0
2020-04-19,248.9,5,0
2020-04-20,226.1,7.4,2.5
2020-04-21,200.7,5.6,0
2020-04-22,172.7,5.6,30.5
2020-04-23,147.3,5.1,2.5
2020-04-24,109.2,5.4,2.5
2020-04-25,86.4,6.4,10.2
2020-04-26,43.2,7,0
2020-04-27,12.7,6.2,12.7
2020-04-28,5.1,10.3,0
2020-04-29,0,9.8,0
2020-04-30,0,3.8,7.6
2020-05-01,0,5.3,0
2020-05-02,0,4.4,15.2
2020-05-03,0,1.4,5.1
2020-05-04,0,6.2,0
2020-05-05,0,8.4,0
2020-05-06,0,2.1,0
2020-05-07,0,6.5,0
2020-05-08,0,9.9,0
2020-05-09,0,12.8,0
2020-05-10,0,13.5,0
2020-05-11,0,9.2,5.1
2020-05-12,0,4.9,12.7
2020-05-13,0,3.4,7.6
2020-05-14,0,3.1,7.6
2020-05-15,0,6.4,0
2020-05-16,0,8.7,0
2020-05-17,0,5.5,5.1
2020-05-18,0,4.1,10.2
2020-05-19,0,3.7,10.2
2020-05-20,0,3.4,2.5
2020-05-21,0,1.9,12.7
2020-05-22,2.5,1.6,0
2020-05-23,0,5.6,0
2020-05-24,0,9.8,0
2020-05-25,0,10.1,0
2020-05-26,0,11.5,0
2020-05-27,0,14.6,0
2020-05-28,0,18.6,0
2020-05-29,0,19.6,0
2020-05-30,0,9.3,7.6
2020-05-31,0,6.6,0
2020-06-01,0,9.3,0
2020-06-02,0,11.7,0
2020-06-03,0,11.4,0
2020-06-04,0,11,0
2020-06-05,0,8.3,2.5
2020-06-06,0,2.7,10.2
2020-06-07,0,1.8,10.2
2020-06-08,0,3.7,0
2020-06-09,0,8,0
2020-06-10,0,12.7,0
2020-06-11,0,12,5.1
2020-06-12,0,7.6,5.1
2020-06-13,0,3.7,15.2
2020-06-14,0,5.9,5.1
2020-06-15,0,5.2,33
2020-06-16,0,3.8,7.6
2020-06-17,0,7.5,0
2020-06-18,0,12.6,0
2020-06-19,0,16.3,0
2020-06-20,0,12.3,0
2020-06-21,0,12.1,0
2020-06-22,0,17.1,0
2020-06-23,0,19.9,0
2020-06-24,0,15.7,0
2020-06-25,0,15.2,0
2020-06-26,0,17,0
2020-06-27,0,11.8,2.5
2020-06-28,0,5.4,10.2
2020-06-29,0,8.4,0
2020-06-30,0,7.9,0
2020-07-01,0,6.8,0
2020-07-02,0,10.6,0
2020-07-03,0,11.8,0
2020-07-04,0,11.2,0
2020-07-05,0,11.5,0
2020-07-06,0,10.2,0
2020-07-07,0,7.7,0
2020-07-08,0,11.3,0
2020-07-09,0,11.4,0
2020-07-10,0,14,0
2020-07-11,0,13.9,0
2020-07-12,0,12,0
2020-07-13,0,12.6,0
2020-07-14,0,15,0
2020-07-15,0,17.5,0
2020-07-16,0,17,0
2020-07-17,0,13.7,0
2020-07-18,0,15.6,0
2020-07-19,0,18,0
2020-07-20,0,19.2,0
2020-07-21,0,18.3,0
2020-07-22,0,16.2,0
2020-07-23,0,13.7,0
2020-07-24,0,12.3,0
2020-07-25,0,14.6,0
2020-07-26,0,18.7,0
2020-07-27,0,19.1,0
2020-07-28,0,19.4,0
2020-07-29,0,19.9,0
2020-07-30,0,20.8,0
2020-07-31,0,18.3,0
2020-08-01,0,15.8,0
2020-08-02,0,15,0
2020-08-03,0,14.7,0
2020-08-04,0,16.4,0
2020-08-05,0,15.4,0
2020-08-06,0,9.3,0
2020-08-07,0,11.5,0
2020-08-08,0,12.6,0
2020-08-09,0,14.6,0
2020-08-10,0,17.8,0
2020-08-11,0,14.7,0
2020-08-12,0,11.3,0
2020-08-13,0,12.1,0
2020-08-14,0,16.3,0
2020-08-15,0,22.5,0
2020-08-16,0,20.7,0
2020-08-17,0,21.1,0
2020-08-18,0,19.7,0
2020-08-19,0,17.1,0
2020-08-20,0,15.5,0
2020-08-21,0,13.2,0
2020-08-22,0,13.8,0
2020-08-23,0,16.3,0
2020-08-24,0,15.8,0
2020-08-25,0,15.1,0
2020-08-26,0,14.9,0
2020-08-27,0,14.3,0
2020-08-28,0,15.8,0
2020-08-29,0,13.6,0
2020-08-30,0,12.1,0
2020-08-31,0,11.7,0
2020-09-01,0,18.6,0
2020-09-02,0,18.9,0
2020-09-03,0,21.5,0
2020-09-04,0,21.4,0
2020-09-05,0,17.8,0
2020-09-06,0,19,0
2020-09-07,0,15.2,0
2020-09-08,0,9.3,0
2020-09-09,0,13.4,0
2020-09-10,0,15.7,0
2020-09-11,0,14.7,0
2020-09-12,0,15.6,0
2020-09-13,0,16.7,0
2020-09-14,0,15.1,0
2020-09-15,0,14.7,0
2020-09-16,0,15.1,0
2020-09-17,0,13.6,0
2020-09-18,0,9.2,7.6
2020-09-19,0,8.6,2.5
2020-09-20,0,9.9,0
2020-09-21,0,10.9,0
2020-09-22,0,11,0
2020-09-23,0,12,12.7
2020-09-24,0,7.6,7.6
2020-09-25,0,7.2,20.3
2020-09-26,0,7,0
2020-09-27,0,9.3,0
2020-09-28,0,13,0
2020-09-29,0,16,0
2020-09-30,0,16.3,0
2020-10-01,0,16.3,0
2020-10-02,0,16.3,0
2020-10-03,0,15.6,0
2020-10-04,0,13.3,0
2020-10-05,0,15,0
2020-10-06,0,15.2,0
2020-10-07,0,14.1,0
2020-10-08,0,12,0
2020-10-09,0,12,0
2020-10-10,0,5.5,35.6
2020-10-11,0,5.3,15.2
2020-10-12,0,6.7,2.5
2020-10-13,0,7.3,20.3
2020-10-14,0,4.3,2.5
2020-10-15,0,5.3,0
2020-10-16,0,11,0
2020-10-17,0,9.1,0
2020-10-18,0,7.6,0
2020-10-19,0,7.8,0
2020-10-20,0,6.8,2.5
2020-10-21,0,2.6,0
2020-10-22,0,0.3,0
2020-10-23,0,4.1,0
2020-10-24,0,0.3,7.6
2020-10-25,2.5,-6.9,0
2020-10-26,2.5,3.3,2.5
2020-10-27,5.1,8.4,0
2020-10-28,0,10.5,0
2020-10-29,0,12,0
2020-10-30,0,5.7,0
2020-10-31,0,4.2,0
2020-11-01,0,7.1,0
2020-11-02,0,12.4,0
2020-11-03,0,9.9,0
2020-11-04,0,9.8,0
2020-11-05,0,7.5,33
2020-11-06,0,0.7,7.6
2020-11-07,2.5,-1.4,7.6
2020-11-08,10.2,-4.1,0
2020-11-09,10.2,-3.4,2.5
2020-11-10,12.7,-0.7,22.9
2020-11-11,45.7,-2.3,0
2020-11-12,45.7,-1.7,7.6
2020-11-13,50.8,0,50.8
2020-11-14,116.8,-0.1,48.3
2020-11-15,172.7,2.2,22.9
2020-11-16,180.3,7,5.1
2020-11-17,162.6,5.6,17.8
2020-11-18,165.1,0.8,17.8
2020-11-19,180.3,-1.1,12.7
2020-11-20,193,-2.5,0
2020-11-21,193,1.1,2.5
2020-11-22,193,0.8,0
2020-11-23,193,0,5.1
2020-11-24,198.1,1.2,2.5
2020-11-25,205.7,-1,10.2
2020-11-26,215.9,-0.9,0
2020-11-27,213.4,2.8,0
2020-11-28,215.9,2.6,0
2020-11-29,213.4,2.6,2.5
2020-11-30,213.4,0.3,12.7
2020-12-01,223.5,-1.8,0
2020-12-02,223.5,-0.6,0
2020-12-03,218.4,1.9,0
2020-12-04,215.9,2.8,0
2020-12-05,210.8,1,0
2020-12-06,208.3,1.4,5.1
2020-12-07,218.4,6.3,0
2020-12-08,218.4,10.1,0
2020-12-09,213.4,1.4,2.5
2020-12-10,218.4,-2,7.6
2020-12-11,213.4,-1.8,12.7
2020-12-12,218.4,-3,0
2020-12-13,218.4,0.4,20.3
2020-12-14,241.3,-0.7,5.1
2020-12-15,251.5,1.2,10.2
2020-12-16,259.1,2.3,17.8
2020-12-17,274.3,-0.5,7.6
2020-12-18,274.3,1,5.1
2020-12-19,279.4,2.7,10.2
2020-12-20,261.6,5.7,48.3
2020-12-21,243.8,4.2,20.3
2020-12-22,215.9,-3.3,2.5
2020-12-23,205.7,-2.3,2.5
2020-12-24,198.1,-1.4,0
2020-12-25,177.8,0.4,20.3
2020-12-26,177.8,-0.2,12.7
2020-12-27,188,-2.1,0
2020-12-28,193,-3,0
2020-12-29,190.5,1.1,0
2020-12-30,193,0.3,12.7
2020-12-31,228.6,0.8,12.7
2021-01-01,236.2,2.8,5.1
2021-01-02,238.8,0.9,20.3
2021-01-03,284.5,2.3,17.8
2021-01-04,309.9,1.8,15.2
2021-01-05,330.2,0.7,5.1
2021-01-06,330.2,1.9,7.6
2021-01-07,345.4,0.5,7.6
2021-01-08,350.5,-0.8,7.6
2021-01-09,363.2,-1.8,2.5
2021-01-10,365.8,2.8,0
2021-01-11,365.8,3.9,5.1
2021-01-12,370.8,6.3,63.5
2021-01-13,337.8,1.5,15.2
2021-01-14,317.5,4.9,0
2021-01-15,312.4,4.3,2.5
2021-01-16,309.9,5.1,0
2021-01-17,299.7,3.4,0
2021-01-18,304.8,0.2,0
2021-01-19,299.7,-0.9,0
2021-01-20,302.3,3.6,0
2021-01-21,279.4,1.5,2.5
2021-01-22,259.1,-3.5,0
2021-01-23,264.2,-2.9,0
2021-01-24,248.9,-3,7.6
2021-01-25,241.3,-4.7,0
2021-01-26,248.9,-5.3,15.2
2021-01-27,264.2,-1.2,5.1
2021-01-28,271.8,-0.9,0
2021-01-29,279.4,-1.4,2.5
2021-01-30,281.9,1.5,2.5
2021-01-31,289.6,3.3,7.6
2021-02-01,279.4,3.9,2.5
2021-02-02,281.9,-1.1,27.9
2021-02-03,317.5,-2.5,15.2
2021-02-04,337.8,-2,2.5
2021-02-05,345.4,0.2,2.5
2021-02-06,350.5,-0.4,2.5
2021-02-07,355.6,-1.8,0
2021-02-08,358.1,-3.1,0
2021-02-09,360.7,-0.7,0
2021-02-10,360.7,0.1,0
2021-02-11,360.7,-4.4,12.7
2021-02-12,373.4,-11.3,17.8
2021-02-13,391.2,-4.5,35.6
2021-02-14,375.9,-0.1,10.2
2021-02-15,426.7,0.7,27.9
2021-02-16,434.3,-1.6,10.2
2021-02-17,416.6,-2.8,0
2021-02-18,398.8,-0.1,22.9
2021-02-19,408.9,-0.5,17.8
2021-02-20,408.9,-1.6,7.6
2021-02-21,406.4,-0.1,2.5
2021-02-22,403.9,1.5,10.2
2021-02-23,401.3,-2.5,7.6
2021-02-24,398.8,-2.9,0
2021-02-25,401.3,-1.1,10.2
2021-02-26,398.8,-2.7,17.8
2021-02-27,429.3,-2.7,0
2021-02-28,436.9,0.9,0
2021-03-01,436.9,4.1,0
2021-03-02,431.8,3.6,0
2021-03-03,429.3,4,0
2021-03-04,421.6,5.9,0
2021-03-05,406.4,2.9,5.1
2021-03-06,398.8,-1.2,2.5
2021-03-07,396.2,-1.7,5.1
2021-03-08,401.3,-1.5,5.1
2021-03-09,403.9,-0.9,5.1
2021-03-10,401.3,-2,0
2021-03-11,406.4,0.5,0
2021-03-12,403.9,2.4,0
2021-03-13,403.9,4.5,0
2021-03-14,408.9,2.4,5.1
2021-03-15,416.6,-4.4,0
2021-03-16,419.1,-1.5,0
2021-03-17,416.6,2.9,0
2021-03-18,414,3.1,5.1
2021-03-19,419.1,-0.2,7.6
2021-03-20,426.7,-1,7.6
2021-03-21,436.9,-2.2,5.1
2021-03-22,444.5,-1.2,5.1
2021-03-23,457.2,0,0
2021-03-24,462.3,-0.7,5.1
2021-03-25,467.4,-1,5.1
2021-03-26,464.8,1.3,0
2021-03-27,454.7,6.1,0
2021-03-28,439.4,2.9,7.6
2021-03-29,419.1,-3,5.1
2021-03-30,416.6,0.1,0
2021-03-31,419.1,5.7,0
2021-04-01,416.6,7.8,0
2021-04-02,408.9,7,0
2021-04-03,393.7,6.4,0
2021-04-04,383.5,3.1,0
2021-04-05,378.5,0.6,0
2021-04-06,375.9,5.7,0
2021-04-07,370.8,3.2,0
2021-04-08,363.2,-0.8,2.5
2021-04-09,365.8,1.5,2.5
2021-04-10,358.1,-1.8,0
2021-04-11,358.1,0.2,0
2021-04-12,358.1,1.6,0
2021-04-13,355.6,1.4,0
2021-04-14,355.6,2.5,0
2021-04-15,355.6,6.1,0
2021-04-16,350.5,7.8,0
2021-04-17,337.8,9.8,0
2021-04-18,322.6,10.9,0
2021-04-19,309.9,6.9,0
2021-04-20,297.2,5.2,0
2021-04-21,292.1,7.5,0
2021-04-22,276.9,5.5,0
2021-04-23,269.2,5.5,2.5
2021-04-24,261.6,1.4,7.6
2021-04-25,269.2,1.2,10.2
2021-04-26,274.3,1.5,0
2021-04-27,271.8,5.3,0
2021-04-28,256.5,10,0
2021-04-29,243.8,12,0
2021-04-30,213.4,9.3,0
2021-05-01,177.8,5.6,17.8
2021-05-02,132.1,4,2.5
2021-05-03,86.4,5.3,0
2021-05-04,53.3,7.3,0
2021-05-05,12.7,10.7,0
2021-05-06,0,6.5,0
2021-05-07,0,0.6,2.5
2021-05-08,0,2.4,0
2021-05-09,0,4,0
2021-05-10,0,6.8,0
2021-05-11,0,9.4,0
2021-05-12,0,12.1,0
2021-05-13,0,11.7,0
2021-05-14,0,10.8,2.5
2021-05-15,0,11.6,0
2021-05-16,0,13.3,0
2021-05-17,0,9.4,0
2021-05-18,0,3.4,0
2021-05-19,0,1.1,5.1
2021-05-20,0,0.3,7.6
2021-05-21,0,2.9,0
2021-05-22,0,4.8,2.5
2021-05-23,0,5,0
2021-05-24,0,5.7,7.6
2021-05-25,0,5,2.5
2021-05-26,0,9.3,0
2021-05-27,0,5.5,2.5
2021-05-28,0,8,0
2021-05-29,0,12,0
2021-05-30,0,14.4,0
2021-05-31,0,16.8,0
2021-06-01,0,20.4,0
2021-06-02,0,18.8,0
2021-06-03,0,15.8,0
2021-06-04,0,12.7,0
2021-06-05,0,5.6,10.2
2021-06-06,0,4.2,0
2021-06-07,0,4.3,0
2021-06-08,0,4,0
2021-06-09,0,4.9,0
2021-06-10,0,5.6,2.5
2021-06-11,0,7,2.5
2021-06-12,0,12.3,0
2021-06-13,0,12.7,0
2021-06-14,0,8.7,0
2021-06-15,0,6.7,0
2021-06-16,0,11.4,0
2021-06-17,0,15.4,0
2021-06-18,0,15.5,0
2021-06-19,0,15.8,0
2021-06-20,0,17,0
2021-06-21,0,20,0
2021-06-22,0,17.9,0
2021-06-23,0,17.1,0
2021-06-24,0,17.5,0
2021-06-25,0,18.5,0
2021-06-26,0,22.3,0
2021-06-27,0,25.8,0
2021-06-28,0,25.7,0
2021-06-29,0,24.6,0
2021-06-30,0,19.6,0
2021-07-01,0,16.6,0
2021-07-02,0,17,0
2021-07-03,0,18.2,0
2021-07-04,0,16.7,0
2021-07-05,0,17.9,0
2021-07-06,0,19.6,0
2021-07-07,0,15.6,0
2021-07-08,0,15.2,0
2021-07-09,0,17.8,0
2021-07-10,0,18.2,0
2021-07-11,0,18.9,0
2021-07-12,0,18,0
2021-07-13,0,18.7,0
2021-07-14,0,17.1,0
2021-07-15,0,14.7,0
2021-07-16,0,12.8,0
2021-07-17,0,14.7,0
2021-07-18,0,17.2,0
2021-07-19,0,16.4,0
2021-07-20,0,16.4,0
2021-07-21,0,11,0
2021-07-22,0,12.6,0
2021-07-23,0,16,0
2021-07-24,0,18.9,0
2021-07-25,0,19.3,0
2021-07-26,0,18.8,0
2021-07-27,0,15.6,0
2021-07-28,0,18.2,0
2021-07-29,0,20.2,0
2021-07-30,0,22.1,0
2021-07-31,0,20.6,0
2021-08-01,0,20.4,0
2021-08-02,0,20.1,0
2021-08-03,0,19.6,0
2021-08-04,0,19.9,0
2021-08-05,0,15.1,0
2021-08-06,0,14.2,0
2021-08-07,0,15.4,0
2021-08-08,0,11.2,0
2021-08-09,0,15.5,0
2021-08-10,0,19.8,0
2021-08-11,0,23.6,0
2021-08-12,0,23.2,0
2021-08-13,0,22.9,0
2021-08-14,0,22,0
2021-08-15,0,21.1,0
2021-08-16,0,17.3,0
2021-08-17,0,7.8,0
2021-08-18,0,11.6,0
2021-08-19,0,13.6,0
2021-08-20,0,11.2,0
2021-08-21,0,9.4,0
2021-08-22,0,10.3,0
2021-08-23,0,10.8,0
2021-08-24,0,12.7,0
2021-08-25,0,12.4,0
2021-08-26,0,11.6,0
2021-08-27,0,12.3,0
2021-08-28,0,14.3,0
2021-08-29,0,16.2,0
2021-08-30,0,10.9,0
2021-08-31,0,9.4,0
2021-09-01,0,9.8,0
2021-09-02,0,12.4,0
2021-09-03,0,13.5,0
2021-09-04,0,15.4,0
2021-09-05,0,16.8,0
2021-09-06,0,17.6,0
2021-09-07,0,18.4,0
2021-09-08,0,17.1,0
2021-09-09,0,16.1,0
2021-09-10,0,11.2,15.2
2021-09-11,0,12.6,0
2021-09-12,0,11.6,0
2021-09-13,0,10.9,0
2021-09-14,0,14,0
2021-09-15,0,11.4,0
2021-09-16,0,7.7,0
2021-09-17,0,12.9,0
2021-09-18,0,6.7,43.2
2021-09-19,0,4.9,15.2
2021-09-20,0,8.9,0
2021-09-21,0,13.3,0
2021-09-22,0,11.3,0
2021-09-23,0,11.9,0
2021-09-24,0,14.7,0
2021-09-25,0,15.5,0
2021-09-26,0,12.7,0
2021-09-27,0,6.6,38.1
2021-09-28,0,3.5,7.6
2021-09-29,0,7.4,0
2021-09-30,0,11.2,0
2021-10-01,0,9.2,2.5
2021-10-02,0,11.1,0
2021-10-03,0,12,0
2021-10-04,0,12.4,0
2021-10-05,0,7.1,7.6
2021-10-06,2.5,2.6,0
2021-10-07,2.5,4.3,2.5
2021-10-08,2.5,3.4,0
2021-10-09,2.5,4.8,0
2021-10-10,2.5,2.7,7.6
2021-10-11,7.6,-0.4,0
2021-10-12,5.1,0.7,5.1
2021-10-13,7.6,0.5,7.6
2021-10-14,7.6,3.1,2.5
2021-10-15,5.1,8,0
2021-10-16,0,12.2,0
2021-10-17,0,6.6,0
2021-10-18,0,3.1,0
2021-10-19,0,5.9,2.5
2021-10-20,0,4.4,7.6
2021-10-21,0,7.5,7.6
2021-10-22,0,3.3,17.8
2021-10-23,0,4.3,5.1
2021-10-24,0,3.7,15.2
2021-10-25,0,2.1,5.1
2021-10-26,0,3.4,7.6
2021-10-27,0,4.6,7.6
2021-10-28,0,10.5,0
2021-10-29,0,6.6,27.9
2021-10-30,0,1,0
2021-10-31,0,0.1,2.5
2021-11-01,0,2.2,5.1
2021-11-02,0,5.7,0
2021-11-03,0,7.8,0
2021-11-04,0,4.7,25.4
2021-11-05,0,1.7,10.2
2021-11-06,7.6,-0.1,15.2
2021-11-07,30.5,-0.9,7.6
2021-11-08,33,1.2,5.1
2021-11-09,35.6,1.2,12.7
2021-11-10,33,2.6,15.2
2021-11-11,35.6,8.1,33
2021-11-12,7.6,8.4,12.7
2021-11-13,0,9.1,0
2021-11-14,0,8.9,2.5
2021-11-15,0,5.7,15.2
2021-11-16,0,-1.8,2.5
2021-11-17,5.1,-1.8,2.5
2021-11-18,10.2,4.4,2.5
2021-11-19,10.2,1.9,17.8
2021-11-20,7.6,0.5,0
2021-11-21,7.6,3.1,0
2021-11-22,10.2,6.5,0
2021-11-23,10.2,-0.4,15.2
2021-11-24,30.5,1,2.5
2021-11-25,30.5,7.2,0
2021-11-26,30.5,4.7,7.6
2021-11-27,25.4,7.7,5.1
2021-11-28,7.6,7.7,2.5
2021-11-29,5.1,5.8,0
2021-11-30,0,7.4,0
2021-12-01,0,10.8,0
2021-12-02,0,5.7,2.5
2021-12-03,0,6.8,0
2021-12-04,0,5.1,0
2021-12-05,0,2.3,5.1
2021-12-06,0,3.3,12.7
2021-12-07,0,5.7,0
2021-12-08,0,0.1,12.7
2021-12-09,7.6,-3.1,10.2
2021-12-10,22.9,-2.2,5.1
2021-12-11,30.5,-0.1,25.4
2021-12-12,88.9,-1.8,0
2021-12-13,111.8,-1.6,55.9
2021-12-14,129.5,-4.9,2.5
2021-12-15,129.5,-3.1,20.3
2021-12-16,147.3,-1.1,5.1
2021-12-17,154.9,-1,2.5
2021-12-18,154.9,1.5,7.6
2021-12-19,157.5,1.7,48.3
2021-12-20,188,2.7,17.8
2021-12-21,182.9,1.3,2.5
2021-12-22,182.9,1.1,15.2
2021-12-23,208.3,-1.8,12.7
2021-12-24,231.1,-3.3,7.6
2021-12-25,271.8,-4.7,0
2021-12-26,294.6,-7.3,0
2021-12-27,299.7,-8.6,0
2021-12-28,299.7,-4.4,48.3
2021-12-29,307.3,-5.7,2.5
2021-12-30,307.3,-4.1,10.2
2021-12-31,312.4,-6.9,0
2022-01-01,312.4,-4.8,7.6
2022-01-02,309.9,0.5,0
2022-01-03,307.3,-1,33
2022-01-04,365.8,-1.2,38.1
2022-01-05,383.5,1.6,22.9
2022-01-06,398.8,3.4,12.7
2022-01-07,375.9,-0.4,20.3
2022-01-08,388.6,-1.6,0
2022-01-09,391.2,0.3,2.5
2022-01-10,391.2,1.9,0
2022-01-11,386.1,5.8,0
2022-01-12,383.5,7.3,0
2022-01-13,383.5,2.7,10.2
2022-01-14,388.6,1.5,0
2022-01-15,396.2,4.4,0
2022-01-16,391.2,4.2,0
2022-01-17,383.5,5,0
2022-01-18,383.5,1.7,0
2022-01-19,381,3.6,5.1
2022-01-20,381,3.5,10.2
2022-01-21,370.8,1.6,0
2022-01-22,375.9,6,0
2022-01-23,370.8,8.8,0
2022-01-24,365.8,4.9,0
2022-01-25,363.2,0.5,0
2022-01-26,358.1,1,2.5
2022-01-27,353.1,-1.6,0
2022-01-28,345.4,-0.1,0
2022-01-29,332.7,3.9,0
2022-01-30,322.6,3.2,2.5
2022-01-31,330.2,-3.2,7.6
2022-02-01,330.2,-4,2.5
2022-02-02,330.2,-1.7,0
2022-02-03,332.7,0.5,0
2022-02-04,330.2,3.1,0
2022-02-05,332.7,3.9,0
2022-02-06,330.2,6.7,0
2022-02-07,330.2,5.9,0
2022-02-08,337.8,4.9,0
2022-02-09,345.4,7.7,0
2022-02-10,355.6,9.1,0
2022-02-11,358.1,4.7,0
2022-02-12,358.1,2,0
2022-02-13,360.7,7.7,0
2022-02-14,355.6,0.7,12.7
2022-02-15,368.3,-1.4,2.5
2022-02-16,370.8,-0.3,0
2022-02-17,370.8,1.6,0
2022-02-18,370.8,5.4,0
2022-02-19,370.8,3.6,0
2022-02-20,365.8,-2.1,12.7
2022-02-21,378.5,-4.1,5.1
2022-02-22,388.6,-12.1,0
2022-02-23,373.4,-10.6,2.5
2022-02-24,373.4,-5.8,5.1
2022-02-25,365.8,-3.9,0
2022-02-26,360.7,0,7.6
2022-02-27,342.9,3.8,15.2
2022-02-28,358.1,5.6,12.7
2022-03-01,340.4,5.2,15.2
2022-03-02,322.6,3.4,15.2
2022-03-03,317.5,0,2.5
2022-03-04,322.6,-1.2,0
2022-03-05,322.6,0.3,0
2022-03-06,315,0.1,0
2022-03-07,320,2.2,0
2022-03-08,304.8,-0.5,2.5
2022-03-09,299.7,-4.2,5.1
2022-03-10,304.8,-0.7,0
2022-03-11,302.3,5.9,0
2022-03-12,294.6,5,10.2
2022-03-13,304.8,-0.2,17.8
2022-03-14,322.6,2.6,12.7
2022-03-15,320,1.2,15.2
2022-03-16,340.4,1.1,0
2022-03-17,345.4,2.8,2.5
2022-03-18,348,3.8,0
2022-03-19,332.7,0,0
2022-03-20,340.4,-1.8,5.1
2022-03-21,340.4,1.8,12.7
2022-03-22,332.7,8.9,0
2022-03-23,317.5,6,0
2022-03-24,299.7,5.3,0
2022-03-25,281.9,6.3,0
2022-03-26,264.2,7.9,0
2022-03-27,248.9,8,0
2022-03-28,238.8,5,5.1
2022-03-29,228.6,5,0
2022-03-30,210.8,0.7,5.1
2022-03-31,208.3,0,2.5
2022-04-01,203.2,2.9,0
2022-04-02,193,1.6,2.5
2022-04-03,185.4,2.5,2.5
2022-04-04,182.9,-0.6,43.2
2022-04-05,238.8,-2.4,2.5
2022-04-06,248.9,2.7,2.5
2022-04-07,246.4,9.1,0
2022-04-08,236.2,1.9,10.2
2022-04-09,231.1,-2,5.1
2022-04-10,233.7,-2.2,27.9
2022-04-11,271.8,-3.4,17.8
2022-04-12,289.6,-3.9,22.9
2022-04-13,317.5,-3.2,17.8
2022-04-14,337.8,-3.2,5.1
2022-04-15,340.4,-1.5,0
2022-04-16,337.8,-2.7,12.7
2022-04-17,350.5,0.5,0
2022-04-18,345.4,2.4,7.6
2022-04-19,353.1,-0.6,5.1
2022-04-20,358.1,0.2,15.2
2022-04-21,373.4,1.5,0
2022-04-22,370.8,2.3,0
2022-04-23,365.8,4.3,0
2022-04-24,360.7,6.4,0
2022-04-25,353.1,3.1,0
2022-04-26,350.5,0.3,5.1
2022-04-27,350.5,0.8,2.5
2022-04-28,353.1,0.6,5.1
2022-04-29,353.1,2.9,7.6
2022-04-30,348,2.3,15.2
2022-05-01,332.7,5.2,0
2022-05-02,315,0.5,12.7
2022-05-03,330.2,3.3,0
2022-05-04,317.5,10.4,0
2022-05-05,287,5,35.6
2022-05-06,266.7,4.5,38.1
2022-05-07,246.4,0,20.3
2022-05-08,266.7,-1.8,7.6
2022-05-09,274.3,-1.1,2.5
2022-05-10,279.4,1.4,0
2022-05-11,271.8,2.5,2.5
2022-05-12,261.6,0.5,15.2
2022-05-13,284.5,2.7,20.3
2022-05-14,284.5,6.8,20.3
2022-05-15,238.8,9.8,0
2022-05-16,200.7,5.4,0
2022-05-17,162.6,6.7,0
2022-05-18,129.5,4.8,10.2
2022-05-19,101.6,0.1,2.5
2022-05-20,109.2,2.9,0
2022-05-21,81.3,6.2,0
2022-05-22,50.8,7.9,0
2022-05-23,17.8,8.5,0
2022-05-24,5.1,9.6,0
2022-05-25,2.5,13.4,0
2022-05-26,0,10.7,5.1
2022-05-27,0,5.8,15.2
2022-05-28,0,4.5,12.7
2022-05-29,7.6,1.5,5.1
2022-05-30,10.2,3.1,0
2022-05-31,2.5,8.4,0
2022-06-01,0,12,0
2022-06-02,0,12.4,0
2022-06-03,0,7.5,12.7
2022-06-04,0,8,2.5
2022-06-05,0,7.8,20.3
2022-06-06,0,5.9,0
2022-06-07,0,9.8,0
2022-06-08,0,11.3,0
2022-06-09,0,12.6,0
2022-06-10,0,11.9,20.3
2022-06-11,0,10.3,38.1
2022-06-12,0,4.9,17.8
2022-06-13,0,2.2,0
2022-06-14,0,3.8,0
2022-06-15,0,9.9,0
2022-06-16,0,7.7,0
2022-06-17,0,5.5,17.8
2022-06-18,0,4.6,2.5
2022-06-19,0,5.4,0
2022-06-20,0,9.5,0
2022-06-21,0,13.2,0
2022-06-22,0,14.8,0
2022-06-23,0,12.9,0
2022-06-24,0,12.2,0
2022-06-25,0,15.7,0
2022-06-26,0,19.3,0
2022-06-27,0,19,0
2022-06-28,0,12.2,5.1
2022-06-29,0,13.2,0
2022-06-30,0,13.7,0
2022-07-01,0,13.9,0
2022-07-02,0,12.9,0
2022-07-03,0,10.7,0
2022-07-04,0,11.9,0
2022-07-05,0,12,7.6
2022-07-06,0,11.9,0
2022-07-07,0,12.4,0
2022-07-08,0,13.4,0
2022-07-09,0,13.5,0
2022-07-10,0,15.2,0
2022-07-11,0,18.6,0
2022-07-12,0,20.3,0
2022-07-13,0,16.2,0
2022-07-14,0,16.6,0
2022-07-15,0,15.6,0
2022-07-16,0,15.1,0
2022-07-17,0,12.5,0
2022-07-18,0,14.5,0
2022-07-19,0,18.4,0
2022-07-20,0,19.5,0
2022-07-21,0,18.1,0
2022-07-22,0,14.3,0
2022-07-23,0,14.7,0
2022-07-24,0,18.8,0
2022-07-25,0,21.6,0
2022-07-26,0,22.7,0
2022-07-27,0,23.4,0
2022-07-28,0,23.7,0
2022-07-29,0,24.5,0
2022-07-30,0,24.5,0
2022-07-31,0,24.5,0
2022-08-01,0,20.1,0
2022-08-02,0,18.9,0
2022-08-03,0,18.5,0
2022-08-04,0,14.9,0
2022-08-05,0,14.9,0
2022-08-06,0,17.2,0
2022-08-07,0,20.4,0
2022-08-08,0,21.6,0
2022-08-09,0,17.4,0
2022-08-10,0,14.8,0
2022-08-11,0,15.6,0
2022-08-12,0,15.1,0
2022-08-13,0,14.1,0
2022-08-14,0,15.7,0
2022-08-15,0,17.2,0
2022-08-16,0,19.4,0
2022-08-17,0,22.1,0
2022-08-18,0,20.9,0
2022-08-19,0,18.3,0
2022-08-20,0,17.1,0
2022-08-21,0,18.3,0
2022-08-22,0,16.4,0
2022-08-23,0,16.3,0
2022-08-24,0,19.4,0
2022-08-25,0,20.1,0
2022-08-26,0,15.9,0
2022-08-27,0,12,0
2022-08-28,0,14.1,0
2022-08-29,0,18.5,0
2022-08-30,0,20.6,0
2022-08-31,0,19.4,0
2022-09-01,0,20.3,0
2022-09-02,0,21.7,0
2022-09-03,0,13.3,0
2022-09-04,0,15.9,0
2022-09-05,0,16.3,0
2022-09-06,0,19.9,0
2022-09-07,0,18.3,0
2022-09-08,0,15,0
2022-09-09,0,13.8,0
2022-09-10,0,14.1,0
2022-09-11,0,17.3,0
2022-09-12,0,14.3,10.2
2022-09-13,0,10.1,0
2022-09-14,0,10.1,0
2022-09-15,0,9.3,0
2022-09-16,0,8.3,5.1
2022-09-17,0,6.9,2.5
2022-09-18,0,7.2,0
2022-09-19,0,11.3,0
2022-09-20,0,10.7,0
2022-09-21,0,8.5,0
2022-09-22,0,8.5,0
2022-09-23,0,11.9,0
2022-09-24,0,14.3,0
2022-09-25,0,16.2,0
2022-09-26,0,16.7,0
2022-09-27,0,15.3,0
2022-09-28,0,10.6,0
2022-09-29,0,8.3,7.6
2022-09-30,0,10.4,0
